n,d,repeat,elapsed,rank,T_over_rank,T_over_nk,T_over_nk2
1100,2,2,0.130000114441,39,3.333336267716e-03,3.030305697923e-06,7.770014610060e-08
1100,2,0,0.131000041962,38,3.447369525307e-03,3.133972295734e-06,8.247295515089e-08
1100,2,3,0.131000041962,44,2.977273680947e-03,2.706612437225e-06,6.151391902783e-08
1100,2,1,0.223999977112,77,2.909090611842e-03,2.644627828947e-06,3.434581596035e-08
1100,4,0,0.194000005722,84,2.309523877643e-03,2.099567161494e-06,2.499484716064e-08
1100,4,3,0.847000122070,232,3.650862595131e-03,3.318965995573e-06,1.430588791195e-08
1100,4,1,0.933000087738,277,3.368231363675e-03,3.062028512432e-06,1.105425455752e-08
1100,4,2,1.483999967575,354,4.192090303884e-03,3.810991185349e-06,1.076551182302e-08
1100,8,3,2.460999965668,463,5.315334699066e-03,4.832122453697e-06,1.043654957602e-08
1100,8,2,8.035000085831,825,9.739394043431e-03,8.853994584937e-06,1.073211464841e-08
1100,8,1,8.233999967575,817,1.007833533363e-02,9.162123030572e-06,1.121434887463e-08
1100,8,0,8.259000062943,785,1.052101918846e-02,9.564562898602e-06,1.218415655873e-08
1100,16,3,7.568000078201,825,9.173333428123e-03,8.339394025566e-06,1.010835639463e-08
1100,16,2,8.131000041962,843,9.645314403276e-03,8.768467639342e-06,1.040150372401e-08
1100,16,0,8.330999851227,892,9.339685931869e-03,8.490623574426e-06,9.518636294200e-09
1100,16,1,8.627000093460,889,9.704162084882e-03,8.821965531711e-06,9.923470789326e-09
1100,32,2,9.101999998093,896,1.015848214073e-02,9.234983764299e-06,1.030690152265e-08
1100,32,1,9.259999990463,898,1.031180399829e-02,9.374367271172e-06,1.043916177191e-08
1100,32,0,9.299999952316,919,1.011969526911e-02,9.199722971922e-06,1.001057994768e-08
1100,32,3,9.451000213623,929,1.017330485858e-02,9.248458962348e-06,9.955284136004e-09
1200,2,0,0.035000085831,8,4.375010728836e-03,3.645842274030e-06,4.557302842538e-07
1200,2,1,0.046000003815,11,4.181818528609e-03,3.484848773841e-06,3.168044339855e-07
1200,2,2,0.095000028610,29,3.275863055525e-03,2.729885879604e-06,9.413399584842e-08
1200,2,3,0.098000049591,34,2.882354399737e-03,2.401961999781e-06,7.064594117003e-08
1200,4,0,0.351000070572,120,2.925000588099e-03,2.437500490083e-06,2.031250408402e-08
1200,4,1,0.569000005722,183,3.109289648754e-03,2.591074707295e-06,1.415887818194e-08
1200,4,2,0.570999860764,175,3.262856347220e-03,2.719046956017e-06,1.553741117724e-08
1200,4,3,0.581000089645,189,3.074074548388e-03,2.561728790324e-06,1.355412058372e-08
1200,8,2,1.342000007629,334,4.017964094699e-03,3.348303412249e-06,1.002486051572e-08
1200,8,1,7.037000179291,779,9.033376353390e-03,7.527813627825e-06,9.663432128145e-09
1200,8,0,8.848999977112,885,9.998870030635e-03,8.332391692196e-06,9.415131855588e-09
1200,8,3,9.061999797821,886,1.022799074246e-02,8.523325618718e-06,9.620006341668e-09
1200,16,3,11.237999916077,957,1.174294662077e-02,9.785788850641e-06,1.022548469242e-08
1200,16,2,11.272999763489,961,1.173048882777e-02,9.775407356477e-06,1.017212003796e-08
1200,16,1,11.476999998093,952,1.205567226690e-02,1.004639355575e-05,1.055293440730e-08
1200,16,0,11.895999908447,964,1.234024886768e-02,1.028354072307e-05,1.066757336418e-08
1200,32,1,11.363999843597,948,1.198734160717e-02,9.989451339309e-06,1.053739592754e-08
1200,32,3,11.569000005722,973,1.189003083836e-02,9.908359031965e-06,1.018330835762e-08
1200,32,2,11.651000022888,953,1.222560338183e-02,1.018800281820e-05,1.069045416390e-08
1200,32,0,12.302999973297,1016,1.210925194222e-02,1.009104328518e-05,9.932129217701e-09
1300,2,0,0.072000026703,12,6.000002225240e-03,4.615386327108e-06,3.846155272590e-07
1300,2,1,0.091000080109,15,6.066672007243e-03,4.666670774802e-06,3.111113849868e-07
1300,2,3,0.117000102997,35,3.342860085624e-03,2.571430835095e-06,7.346945243129e-08
1300,2,2,0.272000074387,76,3.578948347192e-03,2.753037190148e-06,3.622417355458e-08
1300,4,0,0.302999973297,97,3.123711064919e-03,2.402854665322e-06,2.477169758064e-08
1300,4,2,0.509999990463,158,3.227848040907e-03,2.482960031467e-06,1.571493690802e-08
1300,4,1,0.616000175476,177,3.480226980091e-03,2.677097676993e-06,1.512484563273e-08
1300,4,3,1.123999834061,247,4.550606615630e-03,3.500466627408e-06,1.417192966562e-08
1300,8,1,3.626000165939,519,6.986512843814e-03,5.374240649087e-06,1.035499161674e-08
1300,8,2,13.298000097275,918,1.448583888592e-02,1.114295298917e-05,1.213829301652e-08
1300,8,0,13.578999996185,909,1.493839383519e-02,1.149107218091e-05,1.264144354336e-08
1300,8,3,14.565000057220,899,1.620133488011e-02,1.246256529239e-05,1.386269776684e-08
1300,16,3,14.131999969482,999,1.414614611560e-02,1.088165085815e-05,1.089254340155e-08
1300,16,0,15.484000205994,1022,1.515068513307e-02,1.165437317928e-05,1.140349626153e-08
1300,16,2,15.934999942780,1027,1.551606615655e-02,1.193543550504e-05,1.162165092993e-08
1300,16,1,16.529000043869,1064,1.553477447732e-02,1.194982652102e-05,1.123103996336e-08
1300,32,2,14.665999889374,1008,1.454960306485e-02,1.119200235758e-05,1.110317694204e-08
1300,32,1,15.263999938965,1030,1.481941741647e-02,1.139955185882e-05,1.106752607653e-08
1300,32,0,15.967999935150,1040,1.535384609149e-02,1.181065083961e-05,1.135639503808e-08
1300,32,3,16.663000106812,1048,1.589980926222e-02,1.223062250940e-05,1.167044132577e-08
1400,2,2,0.057000160217,8,7.125020027161e-03,5.089300019400e-06,6.361625024251e-07
1400,2,0,0.074999809265,12,6.249984105428e-03,4.464274361020e-06,3.720228634183e-07
1400,2,3,0.143999814987,31,4.645155322167e-03,3.317968087262e-06,1.070312286214e-07
1400,2,1,0.176000118256,47,3.744683367141e-03,2.674773833672e-06,5.691008156749e-08
1400,4,2,0.190999984741,61,3.131147290840e-03,2.236533779171e-06,3.666448818313e-08
1400,4,3,0.404000043869,107,3.775701344570e-03,2.696929531836e-06,2.520494889566e-08
1400,4,0,0.437999963760,124,3.532257772261e-03,2.523041265901e-06,2.034710698307e-08
1400,4,1,0.555000066757,168,3.303571825936e-03,2.359694161383e-06,1.404579857966e-08
1400,8,1,12.682999849319,903,1.404540404133e-02,1.003243145809e-05,1.111011235669e-08
1400,8,2,16.185999870300,1011,1.600989106855e-02,1.143563647753e-05,1.131121313307e-08
1400,8,0,16.217999935150,1020,1.589999993642e-02,1.135714281173e-05,1.113445373699e-08
1400,8,3,16.269999980927,1009,1.612487609606e-02,1.151776864004e-05,1.141503333998e-08
1400,16,1,17.238999843597,1056,1.632481045795e-02,1.166057889854e-05,1.104221486604e-08
1400,16,2,18.032999992371,1059,1.702832860469e-02,1.216309186050e-05,1.148545029320e-08
1400,16,3,18.592000007629,1091,1.704124656978e-02,1.217231897841e-05,1.115702931110e-08
1400,16,0,18.741999864578,1066,1.758161338141e-02,1.255829527243e-05,1.178076479590e-08
1400,32,2,18.461999893188,1094,1.687568545995e-02,1.205406104282e-05,1.101833733348e-08
1400,32,3,19.259000062943,1096,1.757208034940e-02,1.255148596386e-05,1.145208573345e-08
1400,32,0,20.209000110626,1126,1.794760222969e-02,1.281971587835e-05,1.138518284045e-08
1400,32,1,20.493000030518,1135,1.805550663482e-02,1.289679045344e-05,1.136281097219e-08
1500,2,2,0.083000183105,10,8.300018310547e-03,5.533345540365e-06,5.533345540365e-07
1500,2,3,0.124000072479,19,6.526319604171e-03,4.350879736114e-06,2.289936703218e-07
1500,2,0,0.129999876022,18,7.222215334574e-03,4.814810223050e-06,2.674894568361e-07
1500,2,1,0.346999883652,78,4.448716457074e-03,2.965810971382e-06,3.802321758182e-08
1500,4,0,0.628999948502,127,4.952755500012e-03,3.301837000008e-06,2.599871653550e-08
1500,4,2,0.848000049591,165,5.139394239946e-03,3.426262826631e-06,2.076522925231e-08
1500,4,1,0.891999959946,186,4.795698709385e-03,3.197132472924e-06,1.718888426303e-08
1500,4,3,1.522000074387,262,5.809160589262e-03,3.872773726175e-06,1.478157910754e-08
1500,8,3,3.371000051498,435,7.749425405743e-03,5.166283603829e-06,1.187651403179e-08
1500,8,2,6.184999942780,499,1.239478946449e-02,8.263192976325e-06,1.655950496258e-08
1500,8,1,16.510999917984,901,1.832519413761e-02,1.221679609174e-05,1.355915215509e-08
1500,8,0,20.779000043869,1088,1.909834562856e-02,1.273223041904e-05,1.170241766456e-08
1500,16,2,17.976999998093,991,1.814026235933e-02,1.209350823955e-05,1.220333828411e-08
1500,16,1,23.097000122070,1124,2.054893249295e-02,1.369928832863e-05,1.218797894006e-08
1500,16,3,24.177000045776,1149,2.104177549676e-02,1.402785033117e-05,1.220874702452e-08
1500,16,0,24.307000160217,1147,2.119180484762e-02,1.412786989841e-05,1.231723617996e-08
1500,32,0,25.069000005722,1149,2.181810270298e-02,1.454540180199e-05,1.265918346561e-08
1500,32,3,25.180999994278,1151,2.187749782300e-02,1.458499854867e-05,1.267158866088e-08
1500,32,2,26.345000028610,1168,2.255565070943e-02,1.503710047295e-05,1.287422985698e-08
1500,32,1,28.319999933243,1205,2.350207463340e-02,1.566804975560e-05,-1.337786448410e-08
1600,2,0,0.078000068665,8,9.750008583069e-03,6.093755364418e-06,7.617194205523e-07
1600,2,2,0.112999916077,17,6.647053886862e-03,4.154408679289e-06,2.443769811346e-07
1600,2,3,0.132999897003,19,6.999994579114e-03,4.374996611947e-06,2.302629795761e-07
1600,2,1,0.226999998093,44,5.159090865742e-03,3.224431791089e-06,7.328254070656e-08
1600,4,1,0.523000001907,103,5.077669921431e-03,3.173543700894e-06,3.081110389218e-08
1600,4,3,0.807000160217,160,5.043751001358e-03,3.152344375849e-06,1.970215234905e-08
1600,4,2,1.057000160217,206,5.131068738919e-03,3.206917961824e-06,1.556756292148e-08
1600,4,0,3.036999940872,412,7.371359079787e-03,4.607099424867e-06,1.118228015744e-08
1600,8,0,2.493999958038,357,6.985994280219e-03,4.366246425137e-06,1.223038214324e-08
1600,8,3,21.611000061035,1013,2.133366244920e-02,1.333353903075e-05,1.316242747359e-08
1600,8,2,22.360000133514,1110,2.014414426443e-02,1.259009016527e-05,1.134242357231e-08
1600,8,1,22.867000102997,1077,2.123212637233e-02,1.327007898270e-05,1.232133610279e-08
1600,16,3,27.662999868393,1189,2.326576944356e-02,1.454110590223e-05,-1.360689301937e-08
1600,16,2,28.763000011444,1211,2.375144509616e-02,1.484465318510e-05,-1.476135622930e-08
1600,16,0,29.004999876022,1207,2.403065441261e-02,1.501915900788e-05,-1.476826298246e-08
1600,16,1,29.598999977112,1204,2.458388702418e-02,1.536492939011e-05,-1.498242266419e-08
1600,32,1,28.736999988556,1214,2.367133442220e-02,1.479458401388e-05,-1.483664284101e-08
1600,32,2,30.411999940872,1251,2.431015183123e-02,1.519384489452e-05,-1.698078305397e-08
1600,32,0,31.194999933243,1250,2.495599994659e-02,1.559749996662e-05,-1.737914668571e-08
1600,32,3,31.659999847412,1283,2.467653924194e-02,1.542283702621e-05,-1.905822620624e-08
1700,2,1,0.081000089645,9,9.000009960598e-03,5.294123506234e-06,5.882359451372e-07
1700,2,0,0.192000150681,27,7.111116691872e-03,4.183009818748e-06,1.549262895833e-07
1700,2,3,0.345999956131,60,5.766665935516e-03,3.392156432657e-06,5.653594054428e-08
1700,2,2,0.635999917984,112,5.678570696286e-03,3.340335703698e-06,2.982442592587e-08
1700,4,0,0.461999893188,80,5.774998664856e-03,3.397058038151e-06,4.246322547688e-08
1700,4,3,1.967000007629,271,7.258302611179e-03,4.269589771282e-06,1.575494380547e-08
1700,4,1,1.990999937057,281,7.085409028674e-03,4.167887663926e-06,1.483234044102e-08
1700,4,2,3.045000076294,377,8.076923279294e-03,4.751131340761e-06,1.260247039990e-08
1700,8,2,9.130000114441,567,1.610229297080e-02,9.471937041644e-06,1.670535633447e-08
1700,8,0,21.624000072479,1010,2.140990106186e-02,1.259405944815e-05,1.246936579025e-08
1700,8,3,26.368999958038,1075,2.452930228655e-02,1.442900134503e-05,1.342232683258e-08
1700,8,1,27.668999910355,1064,2.600469916387e-02,1.529688186110e-05,1.437676866645e-08
1700,16,3,28.865999937057,1152,2.505729161203e-02,1.473958330119e-05,-1.415769998128e-08
1700,16,2,32.483999967575,1201,2.704746042263e-02,1.591027083684e-05,-1.762670457574e-08
1700,16,1,34.493000030518,1230,2.804308945571e-02,1.649593497394e-05,-2.001871933393e-08
1700,16,0,35.046999931335,1256,2.790366236571e-02,1.641391903865e-05,-2.172573380731e-08
1700,32,1,34.217000007629,1250,2.737360000610e-02,1.610211765065e-05,-2.088035568499e-08
1700,32,2,35.937000036240,1260,2.852142860019e-02,1.677731094129e-05,-2.251625006747e-08
1700,32,0,36.717000007629,1271,2.888827695329e-02,1.699310409017e-05,-2.370800209313e-08
1700,32,3,39.648000001907,1320,3.003636363781e-02,1.766844919871e-05,-2.974595085488e-08
1800,2,0,0.288000106812,39,7.384618123372e-03,4.102565624096e-06,1.051939903614e-07
1800,2,3,0.445999860764,66,6.757573647933e-03,3.754207582185e-06,5.688193306341e-08
1800,2,2,0.464999914169,48,9.687498211861e-03,5.381943451034e-06,1.121238218965e-07
1800,2,1,0.542999982834,64,8.484374731779e-03,4.713541517655e-06,7.364908621336e-08
1800,4,2,0.328999996185,66,4.984848427050e-03,2.769360237250e-06,4.196000359470e-08
1800,4,0,0.615000009537,117,5.256410337921e-03,2.920227965512e-06,2.495921338044e-08
1800,4,1,1.274000167847,197,6.467005928156e-03,3.592781071198e-06,1.823746736649e-08
1800,4,3,1.921000003815,293,6.556314006194e-03,3.642396670108e-06,1.243138795259e-08
1800,8,1,6.125000000000,442,1.385746606335e-02,7.698592257416e-06,1.741762954166e-08
1800,8,3,30.021999835968,1097,2.736736539286e-02,1.520409188492e-05,-1.410257483197e-08
1800,8,2,32.121999979019,1210,2.654710742068e-02,1.474839301149e-05,-1.935541447952e-08
1800,8,0,32.153999805450,1171,2.745858224206e-02,1.525476791225e-05,-1.760191066505e-08
1800,16,0,34.664999961853,1258,2.755564384885e-02,1.530869102714e-05,-2.396719309062e-08
1800,16,3,36.302999973297,1257,2.888066823651e-02,1.604481568695e-05,-2.502138191486e-08
1800,16,2,37.924000024796,1299,2.919476522309e-02,1.621931401283e-05,-3.015476153289e-08
1800,16,1,38.984999895096,1316,2.962386010266e-02,1.645770005703e-05,-3.310472380463e-08
1800,32,2,40.253999948502,1331,3.024342595680e-02,1.680190330933e-05,-3.639083954506e-08
1800,32,1,40.316999912262,1339,3.010978335494e-02,1.672765741941e-05,-3.776027099441e-08
1800,32,0,42.845000028610,1374,3.118267833232e-02,1.732371018462e-05,-4.777593007477e-08
1800,32,3,44.006000041962,1390,3.165899283594e-02,1.758832935330e-05,-5.385056798774e-08
1900,2,0,0.136000156403,12,1.133334636688e-02,5.964919140464e-06,4.970765950387e-07
1900,2,3,0.157999992371,14,1.128571374076e-02,5.939849337241e-06,4.242749526601e-07
1900,2,2,0.199000120163,25,7.960004806519e-03,4.189476213957e-06,1.675790485583e-07
1900,2,1,0.351000070572,50,7.020001411438e-03,3.694737584967e-06,7.389475169935e-08
1900,4,3,1.282999992371,167,7.682634684854e-03,4.043491939397e-06,2.421252658321e-08
1900,4,0,1.525000095367,206,7.402913084308e-03,3.896270044373e-06,1.891393225424e-08
1900,4,1,2.647000074387,279,9.487455463751e-03,4.993397612501e-06,1.789748248208e-08
1900,4,2,3.675000190735,375,9.800000508626e-03,5.157895004540e-06,1.375438667877e-08
1900,8,3,31.246000051498,1053,2.967331438889e-02,1.561753388889e-05,1.483146618128e-08
1900,8,1,42.995000123978,1225,3.509795928488e-02,1.847261014994e-05,-2.977947207953e-08
1900,8,0,43.446999788284,1227,3.540912778181e-02,1.863638304306e-05,-3.028800613180e-08
1900,8,2,46.108000040054,1270,3.630551184256e-02,1.910816412766e-05,-3.747224726120e-08
1900,16,3,44.953000068665,1235,3.639919033900e-02,1.915746859947e-05,-3.217732250532e-08
1900,16,1,49.529999971390,1337,3.704562451114e-02,1.949769711112e-05,-5.511992081769e-08
1900,16,2,53.530999898911,1357,3.944804708836e-02,2.076213004651e-05,-6.723190840836e-08
1900,16,0,54.250000000000,1405,3.861209964413e-02,2.032215770744e-05,-9.966567521274e-08
1900,32,3,45.814999818802,1293,3.543310117463e-02,1.864900061823e-05,-4.096278594390e-08
1900,32,2,53.156000137329,1384,3.840751455009e-02,2.021448134215e-05,-8.107981618336e-08
1900,32,0,53.720999956131,1379,3.895649017849e-02,2.050341588341e-05,-7.878719299493e-08
1900,32,1,53.974999904633,1386,3.894300137419e-02,2.049631651273e-05,-8.367245453097e-08
2000,2,1,0.139999866486,10,1.399998664856e-02,6.999993324280e-06,6.999993324280e-07
2000,2,0,0.157999992371,14,1.128571374076e-02,5.642856870379e-06,4.030612050271e-07
2000,2,2,0.250000000000,25,1.000000000000e-02,5.000000000000e-06,2.000000000000e-07
2000,2,3,0.576999902725,80,7.212498784065e-03,3.606249392033e-06,4.507811740041e-08
2000,4,3,1.058000087738,148,7.148649241473e-03,3.574324620737e-06,2.415084203200e-08
2000,4,2,1.417000055313,170,8.335294443018e-03,4.167647221509e-06,2.451557189123e-08
2000,4,1,1.961000204086,215,9.120931181797e-03,4.560465590898e-06,2.121146786464e-08
2000,4,0,5.128999948502,468,1.095940159936e-02,5.479700799681e-06,1.170876239248e-08
2000,8,1,5.472999811172,449,1.218930915629e-02,6.094654578143e-06,1.357384093128e-08
2000,8,3,28.437999963760,1044,2.723946356682e-02,1.361973178341e-05,-1.344525706125e-08
2000,8,2,35.233999967575,1202,2.931281195306e-02,1.465640597653e-05,-2.507116868111e-08
2000,8,0,39.323999881744,1272,3.091509424665e-02,1.545754712333e-05,-3.713316904957e-08
2000,16,1,49.264000177383,1371,3.593289582595e-02,1.796644791298e-05,-9.196444357394e-08
2000,16,2,49.654000043869,1343,3.697244977205e-02,1.848622488603e-05,-7.220621937419e-08
2000,16,0,51.839999914169,1394,3.718794828850e-02,1.859397414425e-05,-1.269047659099e-07
2000,16,3,56.995000123978,1450,3.930689663723e-02,1.965344831861e-05,-6.335079818780e-07
2000,32,1,56.578000068665,1456,3.885851653068e-02,1.942925826534e-05,-1.026911627241e-06
2000,32,2,58.169000148773,1449,4.014423750778e-02,2.007211875389e-05,-6.074121062475e-07
2000,32,0,59.427000045776,1471,4.039904829760e-02,2.019952414880e-05,1.816522626822e-06
2000,32,3,59.904000043869,1480,4.047567570532e-02,2.023783785266e-05,6.979157972685e-07
2100,2,3,0.121000051498,9,1.344445016649e-02,6.402119126900e-06,7.113465696556e-07
2100,2,0,0.175999879837,15,1.173332532247e-02,5.587297772604e-06,3.724865181736e-07
2100,2,1,0.204999923706,17,1.205881904153e-02,5.742294781682e-06,3.377820459813e-07
2100,2,2,0.458999872208,55,8.345452221957e-03,3.974024867599e-06,7.225499759270e-08
2100,4,1,0.983000040054,116,8.474138276330e-03,4.035303941110e-06,3.478710294060e-08
2100,4,0,1.837000131607,204,9.004902605917e-03,4.288048859960e-06,2.101984735275e-08
2100,4,3,1.885999917984,201,9.383084169075e-03,4.468135318607e-06,2.222952894829e-08
2100,4,2,1.995000123978,220,9.068182381717e-03,4.318182086532e-06,1.962810039333e-08
2100,8,1,45.847999811172,1205,3.804813262338e-02,1.811815839209e-05,-3.680457192801e-08
2100,8,3,46.625999927521,1151,4.050912243920e-02,1.929005830438e-05,-3.081925849417e-08
2100,8,2,47.576999902725,1230,3.868048772579e-02,1.841927986943e-05,-4.256012719193e-08
2100,8,0,54.303999900818,1310,4.145343503879e-02,1.973973097085e-05,-7.856966889462e-08
2100,16,1,66.839999914169,1438,4.648122386243e-02,2.213391612497e-05,1.407006706357e-06
2100,16,2,67.140000104904,1441,4.659264407002e-02,2.218697336668e-05,1.022808228986e-06
2100,16,0,68.741999864578,1476,4.657317063996e-02,2.217770030474e-05,2.454700553548e-07
2100,16,3,69.158999919891,1440,4.802708327770e-02,2.287003965605e-05,1.160527972013e-06
2100,32,1,70.250999927521,1468,4.785490458278e-02,2.278804980132e-05,3.046667284326e-07
2100,32,2,72.955999851227,1492,4.889812322468e-02,2.328482058318e-05,1.921072127701e-07
2100,32,0,74.807999849319,1532,4.883028710791e-02,2.325251767043e-05,1.180340709261e-07
2100,32,3,78.506000041962,1535,5.114397396870e-02,2.435427331843e-05,1.202042175765e-07
2200,2,0,0.247999906540,17,1.458822979647e-02,6.631013543848e-06,3.900596202264e-07
2200,2,2,0.457999944687,39,1.174358832530e-02,5.337994693320e-06,1.368716588031e-07
2200,2,3,0.664000034332,57,1.164912340934e-02,5.295056095154e-06,9.289572096761e-08
2200,2,1,0.773000001907,73,1.058904112202e-02,4.813200510008e-06,6.593425356176e-08
2200,4,0,1.434999942780,139,1.032374059554e-02,4.692609361607e-06,3.375977957991e-08
2200,4,3,1.622999906540,151,1.074834375192e-02,4.885610796327e-06,3.235503838627e-08
2200,4,2,2.286000013351,227,1.007048464031e-02,4.577493018325e-06,2.016516748161e-08
2200,4,1,3.023000001907,298,1.014429530841e-02,4.611043322006e-06,1.547329973828e-08
2200,8,3,7.220999956131,467,1.546252667266e-02,7.028421214844e-06,1.505015249431e-08
2200,8,2,22.231999874115,844,2.634123207834e-02,1.197328730833e-05,1.418635937006e-08
2200,8,1,44.246999979019,1260,3.511666665002e-02,1.596212120455e-05,-5.515381628537e-08
2200,8,0,48.610000133514,1312,3.705030497981e-02,1.684104771810e-05,-9.568699961175e-08
2200,16,0,64.861999988556,1450,4.473241378521e-02,2.033291535691e-05,1.962347422921e-07
2200,16,3,71.009000062943,1499,4.737091398462e-02,2.153223362937e-05,1.095082939319e-07
2200,16,1,71.246999979019,1506,4.730876492631e-02,2.150398405741e-05,1.025561813016e-07
2200,16,2,74.069000005722,1545,4.794110032733e-02,2.179140923969e-05,7.743852816504e-08
2200,32,1,69.594000101089,1495,4.655117063618e-02,2.115962301645e-05,1.118716857022e-07
2200,32,2,76.196000099182,1562,4.878104999948e-02,2.217320454522e-05,7.103267051188e-08
2200,32,0,79.491000175476,1572,5.056679400476e-02,2.298490636580e-05,6.962893203575e-08
2200,32,3,89.828000068665,1622,5.538101113974e-02,2.517318688170e-05,6.016701512782e-08
2300,2,0,0.200000047684,11,1.818182251670e-02,7.905140224653e-06,7.186491113321e-07
2300,2,3,0.475999832153,34,1.399999506333e-02,6.086954375362e-06,1.790280698636e-07
2300,2,1,0.568000078201,45,1.262222396003e-02,5.487923460882e-06,1.219538546863e-07
2300,2,2,0.651999950409,48,1.358333230019e-02,5.905796652255e-06,1.230374302553e-07
2300,4,3,1.184999942780,119,9.957982712433e-03,4.329557701058e-06,3.638283782402e-08
2300,4,0,2.573999881744,221,1.164705828844e-02,5.063938386277e-06,2.291374835419e-08
2300,4,2,2.876999855042,239,1.203765629724e-02,5.233763607498e-06,2.189859249999e-08
2300,4,1,3.677999973297,305,1.205901630589e-02,5.243050567779e-06,1.719032973042e-08
2300,8,2,5.773999929428,407,1.418673201334e-02,6.168144353625e-06,1.515514583200e-08
2300,8,0,62.324000120163,1299,4.797844505016e-02,2.086019350007e-05,-1.505610666209e-07
2300,8,3,67.664000034332,1407,4.809097372732e-02,2.090911901188e-05,2.620346371278e-07
2300,8,1,68.292999982834,1228,5.561319216843e-02,2.417964876888e-05,-8.261875341933e-08
2300,16,3,91.320999860764,1569,5.820331412413e-02,2.530578874962e-05,6.679989407634e-08
2300,16,1,91.803999900818,1584,5.795707064446e-02,2.519872636715e-05,6.220366860441e-08
2300,16,0,91.911999940872,1566,5.869220941307e-02,2.551835191873e-05,6.831312735362e-08
2300,16,2,98.678999900818,1596,6.182894730628e-02,2.688215100273e-05,6.310893958472e-08
2300,32,1,98.830000162125,1617,6.111935693391e-02,2.657363344952e-05,5.749883607888e-08
2300,32,3,99.401999950409,1627,6.109526733277e-02,2.656315970990e-05,5.542565529968e-08
2300,32,2,100.281000137329,1638,6.122161180545e-02,2.661809208933e-05,5.345372486260e-08
2300,32,0,100.880000114441,1637,6.162492371072e-02,2.679344509162e-05,5.398979090863e-08
2400,2,3,0.253999948502,18,1.411110825009e-02,5.879628437537e-06,3.266460243076e-07
2400,2,1,0.490999937057,31,1.583870764702e-02,6.599461519590e-06,2.128858554706e-07
2400,2,0,0.661000013351,51,1.296078457552e-02,5.400326906466e-06,1.058887628719e-07
2400,2,2,0.798000097275,61,1.308196880778e-02,5.450820336576e-06,8.935771043568e-08
2400,4,0,1.084000110626,106,1.022641613798e-02,4.261006724160e-06,4.019817664302e-08
2400,4,3,1.335000038147,125,1.068000030518e-02,4.450000127157e-06,3.560000101725e-08
2400,4,1,2.765000104904,243,1.137860125475e-02,4.741083856146e-06,1.951063315286e-08
2400,4,2,3.299000024796,279,1.182437284873e-02,4.926822020304e-06,1.765886028783e-08
2400,8,3,5.795000076294,378,1.533068803252e-02,6.387786680218e-06,1.689890656142e-08
2400,8,1,8.124000072479,513,1.583625745123e-02,6.598440604678e-06,1.286245731906e-08
2400,8,0,65.842000007629,1400,4.703000000545e-02,1.959583333560e-05,1.609700138002e-07
2400,8,2,80.505000114441,1500,5.367000007629e-02,2.236250003179e-05,7.285304753699e-08
2400,16,1,88.200000047684,1597,5.522855356774e-02,2.301189731989e-05,4.830192176177e-08
2400,16,3,92.894999980927,1620,5.734259258082e-02,2.389274690867e-05,4.636421354274e-08
2400,16,2,94.087999820709,1638,5.744078133132e-02,2.393365888805e-05,4.387740481304e-08
2400,16,0,97.493999958038,1673,5.827495514527e-02,2.428123131053e-05,-5.206608280062e-08
2400,32,0,98.446000099182,1649,5.970042455984e-02,2.487517689993e-05,-4.770012139473e-08
2400,32,2,100.795000076294,1677,6.010435305682e-02,2.504348044034e-05,-5.476962227976e-08
2400,32,1,103.014000177383,1690,6.095502969076e-02,2.539792903782e-05,-5.936398387472e-08
2400,32,3,104.296000003815,1699,6.138669805993e-02,2.557779085830e-05,-6.274982850278e-08
2500,2,3,0.183000087738,9,2.033334308200e-02,8.133337232802e-06,9.037041369780e-07
2500,2,2,0.268000125885,13,2.061539429885e-02,8.246157719539e-06,6.343198245799e-07
2500,2,1,0.308000087738,15,2.053333918254e-02,8.213335673014e-06,5.475557115343e-07
2500,2,0,1.118999958038,107,1.045794353307e-02,4.183177413227e-06,3.909511601147e-08
2500,4,2,1.094000101089,100,1.094000101089e-02,4.376000404358e-06,4.376000404358e-08
2500,4,1,1.672000169754,147,1.137415081465e-02,4.549660325861e-06,3.095007024395e-08
2500,4,3,2.174000024796,192,1.132291679581e-02,4.529166718324e-06,2.358940999127e-08
2500,4,0,3.100000143051,272,1.139705934945e-02,4.558823739781e-06,1.676038139625e-08
2500,8,0,1.845999956131,185,9.978378141249e-03,3.991351256499e-06,2.157487165675e-08
2500,8,3,11.672999858856,608,1.919901292575e-02,7.679605170300e-06,1.263092955641e-08
2500,8,1,15.944999933243,674,2.365726993063e-02,9.462907972251e-06,1.403992280749e-08
2500,8,2,18.436999797821,645,2.858449581058e-02,1.143379832423e-05,1.772681910733e-08
2500,16,2,101.536000013351,1611,6.302669150425e-02,2.521067660170e-05,-4.831292803334e-08
2500,16,3,105.986999988556,1631,6.498283261101e-02,2.599313304440e-05,-5.464565418934e-08
2500,16,1,111.960999965668,1684,6.648515437391e-02,2.659406174956e-05,-7.462601049332e-08
2500,16,0,114.608999967575,1656,6.920833331375e-02,2.768333332550e-05,-6.609155030891e-08
2500,32,2,113.891999959946,1678,6.787365909413e-02,2.714946363765e-05,-7.344437596947e-08
2500,32,1,114.417999982834,1681,6.806543722953e-02,2.722617489181e-05,-7.500202754360e-08
2500,32,3,116.534999847412,1690,6.895562121149e-02,2.758224848459e-05,-8.038645129465e-08
2500,32,0,124.571999788284,1737,7.171675290057e-02,2.868670116023e-05,-1.189785683853e-07
2600,2,0,0.165999889374,7,2.371426991054e-02,9.120873042515e-06,1.302981863216e-06
2600,2,1,0.274000167847,10,2.740001678467e-02,1.053846799410e-05,1.053846799410e-06
2600,2,2,0.399999856949,25,1.599999427795e-02,6.153843953059e-06,2.461537581224e-07
2600,2,3,0.427999973297,31,1.380645075152e-02,5.310173365969e-06,1.712959150313e-07
2600,4,3,1.723000049591,120,1.435833374659e-02,5.522436056382e-06,4.602030046985e-08
2600,4,0,2.012000083923,123,1.635772425954e-02,6.291432407515e-06,5.114985697167e-08
2600,4,1,2.743999958038,225,1.219555536906e-02,4.690598218869e-06,2.084710319497e-08
2600,4,2,3.245999813080,255,1.272941103169e-02,4.895927319879e-06,1.919971497992e-08
2600,8,1,17.747999906540,642,2.764485966751e-02,1.063263833366e-05,1.656174195274e-08
2600,8,2,85.625999927521,1484,5.769946086760e-02,2.219210033369e-05,5.984073060130e-08
2600,8,0,87.378999948502,1519,5.752402893252e-02,2.212462651251e-05,5.127360127671e-08
2600,8,3,96.674999952316,1532,6.310378586966e-02,2.427068687295e-05,5.349154088801e-08
2600,16,1,97.960999965668,1597,6.134063867606e-02,2.359255333695e-05,-5.000890327334e-08
2600,16,2,108.779000043869,1670,6.513712577477e-02,2.505274068260e-05,-8.125144864932e-08
2600,16,0,115.978000164032,1708,6.790281040049e-02,2.611646553865e-05,-1.153954617174e-07
2600,16,3,116.009000062943,1733,6.694114256373e-02,2.574659329374e-05,-1.484662087061e-07
2600,32,3,121.650000095367,1754,6.935575832119e-02,2.667529166200e-05,-2.058400044367e-07
2600,32,2,129.423000097275,1788,7.238422824232e-02,2.784008778551e-05,-4.657510820249e-07
2600,32,0,130.509999990463,1799,7.254585880515e-02,2.790225338660e-05,-7.445291624643e-07
2600,32,1,131.552999973297,1804,7.292294898742e-02,2.804728807208e-05,-1.024133404174e-06
2700,2,3,0.191999912262,7,2.742855889457e-02,1.015872551651e-05,1.451246502358e-06
2700,2,2,0.249000072479,10,2.490000724792e-02,9.222224906639e-06,9.222224906639e-07
2700,2,1,0.523999929428,29,1.806896308373e-02,6.692208549529e-06,2.307658120527e-07
2700,2,0,0.953999996185,75,1.271999994914e-02,4.711111092273e-06,6.281481456364e-08
2700,4,0,0.898999929428,69,1.302898448447e-02,4.825549809061e-06,6.993550447915e-08
2700,4,2,1.201000213623,83,1.446988209184e-02,5.359215589572e-06,6.456886252496e-08
2700,4,1,3.294999837875,257,1.282101104232e-02,4.748522608265e-06,1.847674166640e-08
2700,4,3,3.556999921799,266,1.337218015714e-02,4.952659317459e-06,1.861901999045e-08
2700,8,2,19.182999849319,638,3.006739788295e-02,1.113607328998e-05,1.745466032912e-08
2700,8,1,25.793999910355,696,3.706034469879e-02,1.372605359214e-05,1.972134136802e-08
2700,8,0,99.888999938965,1583,6.310107387174e-02,2.337076810064e-05,-5.476267654455e-08
2700,8,3,107.557999849319,1624,6.623029547372e-02,2.452973906434e-05,-7.321754936324e-08
2700,16,3,124.254999876022,1693,7.339338445128e-02,2.718273498196e-05,-1.459998886615e-07
2700,16,0,127.240999937057,1695,7.506843654104e-02,2.780312464483e-05,-1.527930211933e-07
2700,16,2,136.502000093460,1761,7.751391260276e-02,2.870885651954e-05,-6.293085919320e-07
2700,16,1,137.426000118256,1768,7.772963807594e-02,2.878875484294e-05,-9.148937515222e-07
2700,32,2,135.959000110626,1754,7.751368307333e-02,2.870877150864e-05,-4.798416466826e-07
2700,32,1,139.792000055313,1794,7.792196212671e-02,2.885998597285e-05,1.400123683221e-06
2700,32,0,143.268000125885,1796,7.977060140639e-02,2.954466718755e-05,1.201624362887e-06
2700,32,3,147.935999870300,1814,8.155237038054e-02,3.020458162242e-05,5.020317185602e-07
2800,2,0,0.135999917984,4,3.399997949600e-02,1.214284982000e-05,3.035712455000e-06
2800,2,1,1.162000179291,57,2.038596805773e-02,7.280702877762e-06,1.277316294344e-07
2800,2,3,2.033999919891,120,1.694999933243e-02,6.053571190153e-06,5.044642658461e-08
2800,2,2,2.641999959946,163,1.620858871132e-02,5.788781682615e-06,3.551399805286e-08
2800,4,3,0.903000116348,58,1.556896752325e-02,5.560345544016e-06,9.586802662097e-08
2800,4,2,1.536999940872,101,1.521782119675e-02,5.434936141698e-06,5.381124892770e-08
2800,4,1,2.855999946594,216,1.322222197497e-02,4.722222133919e-06,2.186213950888e-08
2800,4,0,3.255000114441,247,1.317813811515e-02,4.706477898266e-06,1.905456638974e-08
2800,8,3,10.727999925613,491,2.184928701754e-02,7.803316791979e-06,1.589270222399e-08
2800,8,2,46.498000144958,1121,4.147903670380e-02,1.481394167993e-05,-5.989135419470e-08
2800,8,1,104.888000011444,1636,6.411246944465e-02,2.289731051595e-05,-9.572293206803e-08
2800,8,0,108.661000013351,1662,6.537966306459e-02,2.334987966593e-05,-1.269921384214e-07
2800,16,2,111.677000045776,1641,6.805423525032e-02,2.430508401797e-05,-1.063724412700e-07
2800,16,3,123.956000089645,1723,7.194196174675e-02,2.569355776670e-05,-4.466989256798e-07
2800,16,0,129.812000036240,1752,7.409360732662e-02,2.646200261665e-05,2.775772526503e-05
2800,16,1,133.208000183105,1781,7.479393609383e-02,2.671212003351e-05,4.568861733279e-07
2800,32,3,142.930999994278,1819,7.857669048613e-02,2.806310374505e-05,2.118763762667e-07
2800,32,2,152.401999950409,1863,8.180461618379e-02,2.921593435136e-05,1.350819769057e-07
2800,32,0,154.460000038147,1884,8.198513802449e-02,2.928040643732e-05,1.145384987743e-07
2800,32,1,157.190000057220,1905,8.251443572558e-02,2.946944133056e-05,1.000359307484e-07
2900,2,0,0.536000013351,18,2.977777851952e-02,1.026819948949e-05,5.704555271940e-07
2900,2,1,1.275999784470,51,2.501960361705e-02,8.627449523121e-06,1.691656769239e-07
2900,2,3,2.402999877930,131,1.834351051855e-02,6.325348454671e-06,4.828510270742e-08
2900,2,2,2.850999832153,156,1.827563994970e-02,6.301944810242e-06,4.039708211693e-08
2900,4,0,1.565999984741,106,1.477358476171e-02,5.094339573003e-06,4.805980729248e-08
2900,4,2,1.790999889374,130,1.377692222595e-02,4.750662836535e-06,3.654356028104e-08
2900,4,3,2.460999965668,154,1.598051925758e-02,5.510523881925e-06,3.578262260990e-08
2900,4,1,3.598000049591,227,1.585022048278e-02,5.465593269924e-06,2.407750339174e-08
2900,8,2,6.472999811172,348,1.860057417004e-02,6.413991093116e-06,1.843100888826e-08
2900,8,1,11.322999954224,528,2.144507567088e-02,7.394853679613e-06,1.400540469624e-08
2900,8,3,28.490000009537,773,3.685640363459e-02,1.270910470158e-05,1.644127387009e-08
2900,8,0,111.233999967575,1636,6.799144252297e-02,2.344532500792e-05,-1.343249746131e-07
2900,16,2,146.310999870300,1758,8.322582472713e-02,2.869856025074e-05,3.925693698964e-07
2900,16,1,151.463000059128,1781,8.504379565364e-02,2.932544677712e-05,2.488089130319e-07
2900,16,0,153.422000169754,1779,8.624058469351e-02,2.973813265293e-05,2.608754911038e-07
2900,16,3,157.370999813080,1831,8.594811568164e-02,2.963728126953e-05,1.389598840552e-07
2900,32,1,171.709000110626,1909,8.994709277665e-02,3.101623888850e-05,8.678832911115e-08
2900,32,0,177.243000030518,1929,9.188335926932e-02,3.168391698942e-05,-8.464799659116e-08
2900,32,2,181.046000003815,1948,9.293942505329e-02,3.204807760458e-05,-9.628773269279e-08
2900,32,3,182.865999937057,1955,9.353759587573e-02,3.225434340543e-05,-1.015341566081e-07
3000,2,2,0.266000032425,10,2.660000324249e-02,8.866667747498e-06,8.866667747498e-07
3000,2,1,0.611999988556,17,3.599999932682e-02,1.199999977561e-05,7.058823397415e-07
3000,2,0,0.762000083923,34,2.241176717422e-02,7.470589058072e-06,2.197232075904e-07
3000,2,3,0.942999839783,52,1.813461230351e-02,6.044870767838e-06,1.162475147661e-07
3000,4,0,1.384999990463,93,1.489247301573e-02,4.964157671911e-06,5.337803948292e-08
3000,4,2,2.730999946594,160,1.706874966621e-02,5.689583222071e-06,3.555989513795e-08
3000,4,1,3.589999914169,211,1.701421760270e-02,5.671405867566e-06,2.687870079415e-08
3000,4,3,4.028000116348,247,1.630769277874e-02,5.435897592913e-06,2.200768256240e-08
3000,8,0,62.187000036240,1149,5.412271543624e-02,1.804090514541e-05,-1.859857669619e-07
3000,8,2,63.358000040054,1130,5.606902658412e-02,1.868967552804e-05,-1.364687984399e-07
3000,8,3,82.202000141144,1354,6.071048754885e-02,2.023682918295e-05,6.821851990515e-08
3000,8,1,136.068000078201,1714,7.938623108413e-02,2.646207702804e-05,6.089323107491e-07
3000,16,1,154.828999996185,1819,8.511764705673e-02,2.837254901891e-05,1.158597556366e-07
3000,16,3,157.611999988556,1832,8.603275108546e-02,2.867758369515e-05,1.065855229846e-07
3000,16,0,167.887000083923,1888,8.892319919699e-02,2.964106639900e-05,7.980567901328e-08
3000,16,2,169.619999885559,1883,9.007966005606e-02,3.002655335202e-05,8.285736634460e-08
3000,32,2,170.200000047684,1904,8.939075632756e-02,2.979691877585e-05,-8.470806057123e-08
3000,32,3,170.743999958038,1886,9.053234356206e-02,3.017744785402e-05,8.204690917670e-08
3000,32,1,176.936000108719,1946,9.092291886368e-02,3.030763962123e-05,-1.160880154568e-07
3000,32,0,177.305999994278,1931,9.182081822593e-02,3.060693940864e-05,-1.043824493221e-07
