method,d,start,rank,frobenius_norm
ACA,1,7,1,1.015485e+02
ACA,1,7,2,1.015385e+02
ACA,1,7,3,9.885722e+01
ACA,1,7,4,9.887998e+01
ACA,1,7,5,9.754614e+01
ACA,1,7,6,9.663643e+01
ACA,1,7,7,9.671387e+01
ACA,1,7,8,9.630338e+01
ACA,1,7,9,9.512262e+01
ACA,1,7,10,9.493988e+01
ACA,1,7,11,9.224150e+01
ACA,1,7,12,9.222020e+01
ACA,1,7,13,9.188632e+01
ACA,1,7,14,9.193043e+01
ACA,1,7,15,8.603559e+01
ACA,1,7,16,8.472785e+01
ACA,1,7,17,8.363306e+01
ACA,1,7,18,8.132081e+01
ACA,1,7,19,8.085606e+01
ACA,1,7,20,7.947753e+01
ACA,1,7,21,7.895890e+01
ACA,1,7,22,7.792556e+01
ACA,1,7,23,7.767621e+01
ACA,1,7,24,7.626878e+01
ACA,1,7,25,7.621628e+01
ACA,1,7,26,7.671939e+01
ACA,1,7,27,7.667610e+01
ACA,1,7,28,7.541414e+01
ACA,1,7,29,7.102127e+01
ACA,1,7,30,7.005568e+01
ACA,1,7,31,7.006120e+01
ACA,1,7,32,6.832721e+01
ACA,1,7,33,6.836301e+01
ACA,1,7,34,6.747854e+01
ACA,1,7,35,6.749992e+01
ACA,1,7,36,6.685288e+01
ACA,1,7,37,6.708042e+01
ACA,1,7,38,6.609998e+01
ACA,1,7,39,6.617945e+01
ACA,1,7,40,6.595135e+01
ACA,1,7,41,6.593350e+01
ACA,1,7,42,6.558439e+01
ACA,1,7,43,6.529523e+01
ACA,1,7,44,6.492458e+01
ACA,1,7,45,6.382163e+01
ACA,1,7,46,6.373629e+01
ACA,1,7,47,6.301884e+01
ACA,1,7,48,6.301799e+01
ACA,1,7,49,6.297033e+01
ACA,1,7,50,6.298072e+01
ACA,1,7,51,6.342054e+01
ACA,1,7,52,6.255134e+01
ACA,1,7,53,6.245543e+01
ACA,1,7,54,6.298626e+01
ACA,1,7,55,6.222469e+01
ACA,1,7,56,6.138052e+01
ACA,1,7,57,6.140044e+01
ACA,1,7,58,6.057364e+01
ACA,1,7,59,6.057364e+01
BACA,2,8,1,9.978224e+01
BACA,2,8,2,9.783214e+01
BACA,2,8,3,9.437518e+01
BACA,2,8,4,9.280650e+01
BACA,2,8,5,9.203260e+01
BACA,2,8,6,8.932884e+01
BACA,2,8,7,8.791141e+01
BACA,2,8,8,8.662885e+01
BACA,2,8,9,8.584164e+01
BACA,2,8,10,8.551583e+01
BACA,2,8,11,8.487333e+01
BACA,2,8,12,8.385230e+01
BACA,2,8,13,8.120993e+01
BACA,2,8,14,8.009384e+01
BACA,2,8,15,7.946877e+01
BACA,2,8,16,7.872814e+01
BACA,2,8,17,7.804432e+01
BACA,2,8,18,7.792707e+01
BACA,2,8,19,7.665760e+01
BACA,2,8,20,7.575437e+01
BACA,2,8,21,7.421994e+01
BACA,2,8,22,7.069706e+01
BACA,2,8,23,7.033175e+01
BACA,2,8,24,6.954609e+01
BACA,2,8,25,6.947166e+01
BACA,2,8,26,6.945094e+01
BACA,2,8,27,6.819292e+01
BACA,2,8,28,6.804026e+01
BACA,2,8,29,6.778330e+01
BACA,2,8,30,6.605883e+01
BACA,2,8,31,6.291574e+01
BACA,2,8,32,6.191875e+01
BACA,2,8,33,6.124194e+01
BACA,2,8,34,6.113977e+01
BACA,2,8,35,5.903775e+01
BACA,2,8,36,5.890454e+01
BACA,2,8,37,5.710955e+01
BACA,2,8,38,5.588065e+01
BACA,2,8,39,5.526571e+01
BACA,2,8,40,5.489910e+01
BACA,2,8,41,5.451575e+01
BACA,2,8,42,5.376201e+01
BACA,2,8,43,5.328463e+01
BACA,2,8,44,5.279387e+01
BACA,2,8,45,5.243961e+01
BACA,2,8,46,5.168795e+01
BACA,2,8,47,5.171563e+01
BACA,2,8,48,5.152369e+01
BACA,2,8,49,5.152257e+01
BACA,2,8,50,5.115337e+01
BACA,2,8,51,5.080708e+01
BACA,2,8,52,5.021886e+01
BACA,2,8,53,5.001005e+01
BACA,2,8,54,4.934862e+01
BACA,2,8,55,4.937141e+01
BACA,2,8,56,4.911253e+01
BACA,2,8,57,4.895448e+01
BACA,2,8,58,4.885089e+01
BACA,2,8,59,4.834791e+01
BACA,2,8,60,4.812147e+01
BACA,2,8,61,4.806860e+01
BACA,2,8,62,4.814137e+01
BACA,2,8,63,4.771187e+01
BACA,2,8,64,4.745751e+01
BACA,2,8,65,4.735119e+01
BACA,2,8,66,4.745155e+01
BACA,2,8,67,4.707244e+01
BACA,2,8,68,4.671404e+01
BACA,2,8,69,4.672037e+01
BACA,2,8,70,4.679691e+01
BACA,2,8,71,4.611060e+01
BACA,2,8,72,4.598088e+01
BACA,2,8,73,4.594387e+01
BACA,2,8,74,4.577062e+01
BACA,2,8,75,4.535310e+01
BACA,2,8,76,4.516874e+01
BACA,2,8,77,4.509256e+01
BACA,2,8,78,4.474544e+01
BACA,2,8,79,4.468967e+01
BACA,2,8,80,4.475344e+01
BACA,2,8,81,4.470886e+01
BACA,2,8,82,4.445198e+01
BACA,2,8,83,4.436367e+01
BACA,2,8,84,4.421064e+01
BACA,2,8,85,4.364637e+01
BACA,2,8,86,4.348956e+01
BACA,2,8,87,4.178754e+01
BACA,2,8,88,4.153370e+01
BACA,2,8,89,3.903138e+01
BACA,2,8,90,3.906732e+01
BACA,2,8,91,3.913049e+01
BACA,2,8,92,3.886350e+01
BACA,2,8,93,3.861668e+01
BACA,2,8,94,3.855615e+01
BACA,2,8,95,3.846868e+01
BACA,2,8,96,3.734663e+01
BACA,2,8,97,3.684513e+01
BACA,4,3,1,9.664135e+01
BACA,4,3,2,9.453203e+01
BACA,4,3,3,9.121233e+01
BACA,4,3,4,8.994346e+01
BACA,4,3,5,8.839456e+01
BACA,4,3,6,8.795086e+01
BACA,4,3,7,8.564230e+01
BACA,4,3,8,8.314628e+01
BACA,4,3,9,7.912283e+01
BACA,4,3,10,7.708565e+01
BACA,4,3,11,7.519685e+01
BACA,4,3,12,7.502144e+01
BACA,4,3,13,7.458801e+01
BACA,4,3,14,7.383305e+01
BACA,4,3,15,7.401041e+01
BACA,4,3,16,7.363866e+01
BACA,4,3,17,7.236899e+01
BACA,4,3,18,7.218615e+01
BACA,4,3,19,7.181212e+01
BACA,4,3,20,7.054952e+01
BACA,4,3,21,7.014819e+01
BACA,4,3,22,6.960424e+01
BACA,4,3,23,6.842723e+01
BACA,4,3,24,6.719698e+01
BACA,4,3,25,6.789775e+01
BACA,4,3,26,6.677696e+01
BACA,4,3,27,6.526844e+01
BACA,4,3,28,6.480396e+01
BACA,4,3,29,6.389354e+01
BACA,4,3,30,6.389457e+01
BACA,4,3,31,6.296332e+01
BACA,4,3,32,6.259350e+01
BACA,4,3,33,6.259635e+01
BACA,4,3,34,6.251416e+01
BACA,4,3,35,6.206288e+01
BACA,4,3,36,6.121287e+01
BACA,4,3,37,6.030606e+01
BACA,4,3,38,6.024590e+01
BACA,4,3,39,5.959889e+01
BACA,4,3,40,5.910685e+01
BACA,4,3,41,5.778126e+01
BACA,4,3,42,5.641670e+01
BACA,4,3,43,5.536411e+01
BACA,4,3,44,5.455276e+01
BACA,4,3,45,5.358993e+01
BACA,4,3,46,5.333705e+01
BACA,4,3,47,5.304974e+01
BACA,4,3,48,5.085132e+01
BACA,4,3,49,5.013982e+01
BACA,4,3,50,4.997729e+01
BACA,4,3,51,4.972547e+01
BACA,4,3,52,4.863915e+01
BACA,4,3,53,4.705708e+01
BACA,4,3,54,4.675410e+01
BACA,4,3,55,4.673042e+01
BACA,4,3,56,4.671103e+01
BACA,4,3,57,4.605144e+01
BACA,4,3,58,4.586363e+01
BACA,4,3,59,4.556688e+01
BACA,4,3,60,4.438847e+01
BACA,4,3,61,4.376973e+01
BACA,4,3,62,4.342350e+01
BACA,4,3,63,4.316448e+01
BACA,4,3,64,4.400343e+01
BACA,4,3,65,4.332797e+01
BACA,4,3,66,4.290441e+01
BACA,4,3,67,4.236202e+01
BACA,4,3,68,4.222484e+01
BACA,4,3,69,4.197326e+01
BACA,4,3,70,4.131730e+01
BACA,4,3,71,4.085391e+01
BACA,4,3,72,4.066672e+01
BACA,4,3,73,4.074666e+01
BACA,4,3,74,4.038486e+01
BACA,4,3,75,3.988302e+01
BACA,4,3,76,4.001277e+01
BACA,4,3,77,3.981159e+01
BACA,4,3,78,3.978476e+01
BACA,4,3,79,3.973653e+01
BACA,4,3,80,4.024416e+01
BACA,4,3,81,3.922901e+01
BACA,4,3,82,3.897783e+01
BACA,4,3,83,3.897834e+01
BACA,4,3,84,3.924479e+01
BACA,4,3,85,3.916901e+01
BACA,4,3,86,3.960392e+01
BACA,4,3,87,3.949672e+01
BACA,4,3,88,3.833978e+01
BACA,4,3,89,3.811875e+01
BACA,4,3,90,3.762185e+01
BACA,4,3,91,3.749845e+01
BACA,4,3,92,3.717782e+01
BACA,4,3,93,3.713916e+01
BACA,4,3,94,3.711425e+01
BACA,4,3,95,3.750448e+01
BACA,4,3,96,3.708873e+01
BACA,4,3,97,3.701098e+01
BACA,4,3,98,3.679952e+01
BACA,4,3,99,3.672302e+01
BACA,4,3,100,3.667356e+01
BACA,4,3,101,3.662403e+01
BACA,4,3,102,3.659032e+01
BACA,4,3,103,3.625572e+01
BACA,4,3,104,3.536390e+01
BACA,4,3,105,3.543834e+01
BACA,4,3,106,3.514099e+01
BACA,4,3,107,3.484050e+01
BACA,4,3,108,3.454469e+01
BACA,4,3,109,3.461129e+01
BACA,4,3,110,3.459055e+01
BACA,4,3,111,3.443812e+01
BACA,4,3,112,3.436060e+01
BACA,4,3,113,3.433979e+01
BACA,4,3,114,3.432167e+01
BACA,4,3,115,3.389974e+01
BACA,4,3,116,3.445895e+01
BACA,4,3,117,3.439114e+01
BACA,4,3,118,3.430266e+01
BACA,4,3,119,3.373087e+01
BACA,4,3,120,3.356845e+01
BACA,4,3,121,3.339420e+01
BACA,4,3,122,3.340161e+01
BACA,4,3,123,3.335120e+01
BACA,4,3,124,3.336879e+01
BACA,4,3,125,3.326670e+01
BACA,4,3,126,3.307241e+01
BACA,4,3,127,3.308442e+01
BACA,4,3,128,3.303732e+01
BACA,4,3,129,3.258099e+01
BACA,4,3,130,3.244392e+01
BACA,4,3,131,3.231493e+01
BACA,4,3,132,3.207330e+01
BACA,4,3,133,3.116165e+01
BACA,4,3,134,3.121542e+01
BACA,4,3,135,3.118069e+01
BACA,4,3,136,3.065779e+01
BACA,4,3,137,3.042721e+01
BACA,4,3,138,3.033623e+01
BACA,4,3,139,3.009691e+01
BACA,4,3,140,2.978068e+01
BACA,4,3,141,2.956383e+01
BACA,4,3,142,2.872146e+01
BACA,4,3,143,2.863380e+01
BACA,4,3,144,2.849744e+01
BACA,4,3,145,2.836558e+01
BACA,4,3,146,2.786088e+01
BACA,4,3,147,2.776638e+01
BACA,4,3,148,2.759190e+01
BACA,4,3,149,2.773470e+01
BACA,4,3,150,2.718462e+01
BACA,4,3,151,2.669685e+01
BACA,4,3,152,2.668422e+01
BACA,4,3,153,2.655261e+01
BACA,4,3,154,2.620551e+01
BACA,4,3,155,2.591415e+01
BACA,4,3,156,2.587695e+01
BACA,4,3,157,2.543024e+01
BACA,4,3,158,2.527498e+01
BACA,4,3,159,2.514730e+01
BACA,4,3,160,2.502470e+01
BACA,4,3,161,2.530310e+01
BACA,4,3,162,2.515783e+01
BACA,4,3,163,2.508483e+01
BACA,4,3,164,2.503757e+01
BACA,4,3,165,2.473130e+01
BACA,4,3,166,2.464703e+01
BACA,4,3,167,2.419953e+01
BACA,4,3,168,2.399692e+01
BACA,4,3,169,2.410785e+01
BACA,4,3,170,2.401915e+01
BACA,4,3,171,2.392822e+01
BACA,4,3,172,2.410754e+01
BACA,4,3,173,2.356873e+01
BACA,4,3,174,2.293039e+01
BACA,4,3,175,2.276829e+01
BACA,4,3,176,2.268950e+01
BACA,4,3,177,2.244726e+01
BACA,4,3,178,2.262386e+01
BACA,4,3,179,2.239450e+01
BACA,4,3,180,2.207953e+01
BACA,4,3,181,2.200739e+01
BACA,4,3,182,2.173375e+01
BACA,4,3,183,2.163696e+01
BACA,4,3,184,2.167491e+01
BACA,4,3,185,2.151339e+01
BACA,4,3,186,2.139852e+01
BACA,4,3,187,2.138344e+01
BACA,4,3,188,2.150627e+01
BACA,4,3,189,2.132751e+01
BACA,4,3,190,2.120466e+01
BACA,4,3,191,2.118346e+01
BACA,4,3,192,2.132335e+01
BACA,4,3,193,2.101530e+01
BACA,4,3,194,2.076809e+01
BACA,4,3,195,2.095876e+01
BACA,4,3,196,2.089527e+01
BACA,4,3,197,2.147556e+01
BACA,4,3,198,2.071203e+01
BACA,4,3,199,2.091856e+01
BACA,4,3,200,2.148722e+01
BACA,4,3,201,2.065018e+01
BACA,4,3,202,2.098508e+01
BACA,4,3,203,2.089992e+01
BACA,4,3,204,2.078426e+01
BACA,4,3,205,2.027151e+01
BACA,4,3,206,2.009085e+01
BACA,4,3,207,2.000343e+01
BACA,4,3,208,1.982147e+01
BACA,4,3,209,1.980551e+01
BACA,4,3,210,1.965139e+01
BACA,4,3,211,1.974192e+01
BACA,4,3,212,1.954578e+01
BACA,4,3,213,1.951966e+01
BACA,4,3,214,1.948977e+01
BACA,4,3,215,1.927029e+01
BACA,4,3,216,1.927014e+01
BACA,4,3,217,1.922085e+01
BACA,4,3,218,1.903111e+01
BACA,4,3,219,1.897171e+01
BACA,4,3,220,1.900240e+01
BACA,4,3,221,1.904031e+01
BACA,4,3,222,1.915404e+01
BACA,4,3,223,1.899520e+01
BACA,4,3,224,1.896439e+01
BACA,4,3,225,1.897998e+01
BACA,4,3,226,1.923330e+01
BACA,4,3,227,1.873917e+01
BACA,4,3,228,1.856234e+01
BACA,4,3,229,1.878503e+01
BACA,4,3,230,1.888287e+01
BACA,4,3,231,1.851302e+01
BACA,4,3,232,1.850132e+01
BACA,4,3,233,1.862362e+01
BACA,4,3,234,1.809174e+01
BACA,4,3,235,1.794547e+01
BACA,4,3,236,1.809473e+01
BACA,4,3,237,1.808702e+01
BACA,4,3,238,1.794091e+01
BACA,4,3,239,1.798307e+01
BACA,4,3,240,1.773767e+01
BACA,4,3,241,1.782314e+01
BACA,4,3,242,1.773513e+01
BACA,4,3,243,1.753986e+01
BACA,4,3,244,1.754213e+01
BACA,4,3,245,1.737418e+01
BACA,4,3,246,1.733269e+01
BACA,4,3,247,1.736478e+01
BACA,4,3,248,1.738493e+01
BACA,4,3,249,1.789497e+01
BACA,4,3,250,1.785784e+01
BACA,4,3,251,1.702726e+01
BACA,4,3,252,1.701082e+01
BACA,4,3,253,1.702762e+01
BACA,4,3,254,1.689004e+01
BACA,4,3,255,1.702539e+01
BACA,4,3,256,1.692776e+01
BACA,4,3,257,1.685216e+01
BACA,4,3,258,1.676046e+01
BACA,4,3,259,1.665288e+01
BACA,4,3,260,1.676746e+01
BACA,4,3,261,1.654226e+01
BACA,4,3,262,1.652659e+01
BACA,4,3,263,1.647372e+01
BACA,4,3,264,1.652738e+01
BACA,4,3,265,1.659080e+01
BACA,4,3,266,1.652333e+01
BACA,4,3,267,1.657145e+01
BACA,4,3,268,1.653155e+01
BACA,4,3,269,1.659444e+01
BACA,4,3,270,1.690048e+01
BACA,4,3,271,1.658200e+01
BACA,4,3,272,1.657149e+01
BACA,4,3,273,1.638496e+01
BACA,4,3,274,1.642006e+01
BACA,4,3,275,1.710795e+01
BACA,4,3,276,1.723020e+01
BACA,4,3,277,1.726151e+01
BACA,4,3,278,1.716941e+01
BACA,4,3,279,1.703652e+01
BACA,4,3,280,1.703652e+01
BACA,4,3,281,1.635946e+01
BACA,4,3,282,1.635772e+01
BACA,4,3,283,1.610328e+01
BACA,4,3,284,1.611683e+01
BACA,4,3,285,1.600032e+01
BACA,4,3,286,1.601993e+01
BACA,4,3,287,1.605707e+01
BACA,4,3,288,1.602804e+01
BACA,4,3,289,1.597405e+01
BACA,4,3,290,1.608177e+01
BACA,4,3,291,1.599072e+01
BACA,4,3,292,1.619657e+01
BACA,4,3,293,1.613452e+01
BACA,4,3,294,1.621227e+01
BACA,4,3,295,1.633013e+01
BACA,4,3,296,1.572194e+01
BACA,4,3,297,1.526103e+01
BACA,4,3,298,1.512204e+01
BACA,4,3,299,1.557946e+01
BACA,4,3,300,1.574223e+01
BACA,4,3,301,1.557398e+01
BACA,4,3,302,1.593412e+01
BACA,4,3,303,1.575544e+01
BACA,4,3,304,1.553076e+01
BACA,4,3,305,1.556884e+01
BACA,4,3,306,1.504683e+01
BACA,4,3,307,1.528157e+01
BACA,4,3,308,1.528157e+01
BACA,4,3,309,1.506949e+01
BACA,4,3,310,1.506950e+01
BACA,4,3,311,1.504868e+01
BACA,4,3,312,1.508489e+01
BACA,4,3,313,1.504477e+01
BACA,4,3,314,1.506393e+01
BACA,4,3,315,1.500595e+01
BACA,4,3,316,1.498427e+01
BACA,4,3,317,1.477564e+01
BACA,4,3,318,1.496796e+01
BACA,4,3,319,1.513586e+01
BACA,4,3,320,1.516510e+01
BACA,4,3,321,1.513145e+01
BACA,4,3,322,1.461975e+01
BACA,4,3,323,1.447015e+01
BACA,4,3,324,1.449855e+01
BACA,4,3,325,1.447532e+01
BACA,4,3,326,1.470757e+01
BACA,4,3,327,1.470136e+01
BACA,4,3,328,1.482737e+01
BACA,4,3,329,1.581609e+01
BACA,4,3,330,1.471919e+01
BACA,4,3,331,1.470814e+01
BACA,4,3,332,1.430634e+01
BACA,4,3,333,1.463794e+01
BACA,4,3,334,1.468909e+01
BACA,4,3,335,1.475991e+01
BACA,4,3,336,1.461116e+01
BACA,4,3,337,1.464493e+01
BACA,4,3,338,1.415488e+01
BACA,4,3,339,1.425924e+01
BACA,4,3,340,1.422151e+01
BACA,4,3,341,1.396926e+01
BACA,4,3,342,1.398946e+01
BACA,4,3,343,1.392524e+01
BACA,4,3,344,1.412658e+01
BACA,4,3,345,1.412658e+01
BACA,4,3,346,1.412658e+01
BACA,4,3,347,1.412658e+01
BACA,4,3,348,1.412658e+01
BACA,8,10,1,1.008544e+02
BACA,8,10,2,9.767271e+01
BACA,8,10,3,9.708374e+01
BACA,8,10,4,9.550246e+01
BACA,8,10,5,9.132346e+01
BACA,8,10,6,8.681513e+01
BACA,8,10,7,8.562685e+01
BACA,8,10,8,8.547686e+01
BACA,8,10,9,8.544123e+01
BACA,8,10,10,8.530462e+01
BACA,8,10,11,8.469485e+01
BACA,8,10,12,8.446603e+01
BACA,8,10,13,8.376063e+01
BACA,8,10,14,8.318710e+01
BACA,8,10,15,8.158624e+01
BACA,8,10,16,8.112303e+01
BACA,8,10,17,8.022371e+01
BACA,8,10,18,7.981762e+01
BACA,8,10,19,7.958806e+01
BACA,8,10,20,7.920328e+01
BACA,8,10,21,7.699425e+01
BACA,8,10,22,7.580353e+01
BACA,8,10,23,7.499407e+01
BACA,8,10,24,7.438732e+01
BACA,8,10,25,7.232339e+01
BACA,8,10,26,7.057094e+01
BACA,8,10,27,6.959552e+01
BACA,8,10,28,6.670598e+01
BACA,8,10,29,6.635436e+01
BACA,8,10,30,6.619357e+01
BACA,8,10,31,6.435378e+01
BACA,8,10,32,6.343035e+01
BACA,8,10,33,6.259154e+01
BACA,8,10,34,6.210209e+01
BACA,8,10,35,6.113374e+01
BACA,8,10,36,6.122017e+01
BACA,8,10,37,6.123640e+01
BACA,8,10,38,6.069497e+01
BACA,8,10,39,6.052482e+01
BACA,8,10,40,6.005905e+01
BACA,8,10,41,5.955485e+01
BACA,8,10,42,5.784134e+01
BACA,8,10,43,5.728514e+01
BACA,8,10,44,5.717558e+01
BACA,8,10,45,5.678475e+01
BACA,8,10,46,5.637339e+01
BACA,8,10,47,5.606411e+01
BACA,8,10,48,5.565421e+01
BACA,8,10,49,5.494406e+01
BACA,8,10,50,5.465612e+01
BACA,8,10,51,5.344252e+01
BACA,8,10,52,5.316379e+01
BACA,8,10,53,5.260100e+01
BACA,8,10,54,5.257957e+01
BACA,8,10,55,5.290299e+01
BACA,8,10,56,5.297672e+01
BACA,8,10,57,5.274710e+01
BACA,8,10,58,5.269656e+01
BACA,8,10,59,5.217450e+01
BACA,8,10,60,5.141240e+01
BACA,8,10,61,5.036875e+01
BACA,8,10,62,5.037345e+01
BACA,8,10,63,5.034220e+01
BACA,8,10,64,5.022014e+01
BACA,8,10,65,4.940476e+01
BACA,8,10,66,4.918102e+01
BACA,8,10,67,4.922366e+01
BACA,8,10,68,4.936339e+01
BACA,8,10,69,4.766117e+01
BACA,8,10,70,4.753408e+01
BACA,8,10,71,4.658445e+01
BACA,8,10,72,4.623544e+01
BACA,8,10,73,4.578271e+01
BACA,8,10,74,4.555217e+01
BACA,8,10,75,4.254263e+01
BACA,8,10,76,4.174145e+01
BACA,8,10,77,4.147468e+01
BACA,8,10,78,4.138407e+01
BACA,8,10,79,4.097307e+01
BACA,8,10,80,4.096609e+01
BACA,8,10,81,4.049481e+01
BACA,8,10,82,4.044353e+01
BACA,8,10,83,3.971073e+01
BACA,8,10,84,3.978639e+01
BACA,8,10,85,3.887535e+01
BACA,8,10,86,3.869124e+01
BACA,8,10,87,3.848536e+01
BACA,8,10,88,3.816047e+01
BACA,8,10,89,3.826420e+01
BACA,8,10,90,3.800143e+01
BACA,8,10,91,3.787608e+01
BACA,8,10,92,3.747076e+01
BACA,8,10,93,3.721833e+01
BACA,8,10,94,3.701021e+01
BACA,8,10,95,3.689433e+01
BACA,8,10,96,3.696323e+01
BACA,8,10,97,3.715521e+01
BACA,8,10,98,3.638757e+01
BACA,8,10,99,3.642389e+01
BACA,8,10,100,3.594574e+01
BACA,8,10,101,3.684184e+01
BACA,8,10,102,3.594467e+01
BACA,8,10,103,3.545939e+01
BACA,8,10,104,3.432775e+01
BACA,8,10,105,3.407772e+01
BACA,8,10,106,3.376683e+01
BACA,8,10,107,3.379304e+01
BACA,8,10,108,3.402234e+01
BACA,8,10,109,3.351499e+01
BACA,8,10,110,3.339289e+01
BACA,8,10,111,3.316473e+01
BACA,8,10,112,3.324611e+01
BACA,8,10,113,3.308671e+01
BACA,8,10,114,3.287464e+01
BACA,8,10,115,3.279903e+01
BACA,8,10,116,3.273541e+01
BACA,8,10,117,3.273141e+01
BACA,8,10,118,3.273416e+01
BACA,8,10,119,3.225638e+01
BACA,8,10,120,3.191674e+01
BACA,8,10,121,3.200203e+01
BACA,8,10,122,3.181235e+01
BACA,8,10,123,3.169197e+01
BACA,8,10,124,3.166377e+01
BACA,8,10,125,3.098577e+01
BACA,8,10,126,3.101808e+01
BACA,8,10,127,3.120258e+01
BACA,8,10,128,3.119221e+01
BACA,8,10,129,3.110100e+01
BACA,8,10,130,3.085988e+01
BACA,8,10,131,3.032168e+01
BACA,8,10,132,3.031720e+01
BACA,8,10,133,3.023480e+01
BACA,8,10,134,2.975357e+01
BACA,8,10,135,2.984216e+01
BACA,8,10,136,2.985169e+01
BACA,8,10,137,2.985407e+01
BACA,8,10,138,2.999909e+01
BACA,8,10,139,2.988288e+01
BACA,8,10,140,2.967046e+01
BACA,8,10,141,2.969885e+01
BACA,8,10,142,2.952265e+01
BACA,8,10,143,2.894411e+01
BACA,8,10,144,2.886982e+01
BACA,8,10,145,2.842464e+01
BACA,8,10,146,2.839614e+01
BACA,8,10,147,2.830876e+01
BACA,8,10,148,2.847248e+01
BACA,8,10,149,2.833650e+01
BACA,8,10,150,2.823299e+01
BACA,8,10,151,2.819581e+01
BACA,8,10,152,2.787025e+01
BACA,8,10,153,2.749747e+01
BACA,8,10,154,2.744259e+01
BACA,8,10,155,2.713116e+01
BACA,8,10,156,2.698161e+01
BACA,8,10,157,2.688292e+01
BACA,8,10,158,2.686287e+01
BACA,8,10,159,2.642368e+01
BACA,8,10,160,2.636091e+01
BACA,8,10,161,2.617039e+01
BACA,8,10,162,2.613209e+01
BACA,8,10,163,2.561363e+01
BACA,8,10,164,2.513752e+01
BACA,8,10,165,2.510190e+01
BACA,8,10,166,2.499671e+01
BACA,8,10,167,2.477741e+01
BACA,8,10,168,2.447878e+01
BACA,8,10,169,2.472618e+01
BACA,8,10,170,2.471674e+01
BACA,8,10,171,2.444091e+01
BACA,8,10,172,2.437706e+01
BACA,8,10,173,2.423630e+01
BACA,8,10,174,2.419312e+01
BACA,8,10,175,2.411450e+01
BACA,8,10,176,2.358701e+01
BACA,8,10,177,2.355444e+01
BACA,8,10,178,2.339340e+01
BACA,8,10,179,2.293184e+01
BACA,8,10,180,2.287073e+01
BACA,8,10,181,2.289388e+01
BACA,8,10,182,2.289902e+01
BACA,8,10,183,2.260483e+01
BACA,8,10,184,2.239167e+01
BACA,8,10,185,2.232700e+01
BACA,8,10,186,2.244703e+01
BACA,8,10,187,2.229259e+01
BACA,8,10,188,2.230526e+01
BACA,8,10,189,2.217703e+01
BACA,8,10,190,2.198409e+01
BACA,8,10,191,2.194917e+01
BACA,8,10,192,2.200651e+01
BACA,8,10,193,2.175103e+01
BACA,8,10,194,2.190231e+01
BACA,8,10,195,2.181381e+01
BACA,8,10,196,2.178943e+01
BACA,8,10,197,2.182502e+01
BACA,8,10,198,2.184674e+01
BACA,8,10,199,2.166952e+01
BACA,8,10,200,2.160439e+01
BACA,8,10,201,2.176685e+01
BACA,8,10,202,2.210535e+01
BACA,8,10,203,2.198813e+01
BACA,8,10,204,2.180350e+01
BACA,8,10,205,2.181025e+01
BACA,8,10,206,2.165968e+01
BACA,8,10,207,2.170212e+01
BACA,8,10,208,2.156817e+01
BACA,8,10,209,2.082196e+01
BACA,8,10,210,2.063597e+01
BACA,8,10,211,2.038166e+01
BACA,8,10,212,2.056934e+01
BACA,8,10,213,2.066719e+01
BACA,8,10,214,2.122380e+01
BACA,8,10,215,2.139972e+01
BACA,8,10,216,2.152398e+01
BACA,8,10,217,2.105289e+01
BACA,8,10,218,2.103852e+01
BACA,8,10,219,2.099568e+01
BACA,8,10,220,2.088077e+01
BACA,8,10,221,2.054343e+01
BACA,8,10,222,2.005009e+01
BACA,8,10,223,1.986800e+01
BACA,8,10,224,1.985953e+01
BACA,8,10,225,1.973741e+01
BACA,8,10,226,1.982759e+01
BACA,8,10,227,1.987219e+01
BACA,8,10,228,2.010434e+01
BACA,8,10,229,2.010623e+01
BACA,8,10,230,2.012653e+01
BACA,8,10,231,2.074573e+01
BACA,8,10,232,2.056420e+01
BACA,8,10,233,2.027586e+01
BACA,8,10,234,1.959363e+01
BACA,8,10,235,1.982376e+01
BACA,8,10,236,2.035275e+01
BACA,8,10,237,2.038509e+01
BACA,8,10,238,2.040497e+01
BACA,8,10,239,1.931775e+01
BACA,8,10,240,1.892092e+01
BACA,8,10,241,1.888249e+01
BACA,8,10,242,1.894798e+01
BACA,8,10,243,1.891780e+01
BACA,8,10,244,1.890915e+01
BACA,8,10,245,1.877129e+01
BACA,8,10,246,1.903066e+01
BACA,8,10,247,1.930298e+01
BACA,8,10,248,1.885844e+01
BACA,8,10,249,1.851451e+01
BACA,8,10,250,1.851984e+01
BACA,8,10,251,1.821078e+01
BACA,8,10,252,1.822463e+01
BACA,8,10,253,1.827747e+01
BACA,8,10,254,1.816788e+01
BACA,8,10,255,1.829804e+01
BACA,8,10,256,1.804705e+01
BACA,8,10,257,1.799544e+01
BACA,8,10,258,1.760569e+01
BACA,8,10,259,1.783451e+01
BACA,8,10,260,1.772191e+01
BACA,8,10,261,1.803747e+01
BACA,8,10,262,1.792400e+01
BACA,8,10,263,1.790631e+01
BACA,8,10,264,1.771200e+01
BACA,8,10,265,1.777434e+01
BACA,8,10,266,1.743949e+01
BACA,8,10,267,1.756832e+01
BACA,8,10,268,1.746413e+01
BACA,8,10,269,1.730324e+01
BACA,8,10,270,1.703824e+01
BACA,8,10,271,1.716461e+01
BACA,8,10,272,1.714916e+01
BACA,8,10,273,1.713853e+01
BACA,8,10,274,1.672616e+01
BACA,8,10,275,1.666686e+01
BACA,8,10,276,1.671015e+01
BACA,8,10,277,1.671667e+01
BACA,8,10,278,1.674618e+01
BACA,8,10,279,1.665352e+01
BACA,8,10,280,1.636804e+01
BACA,8,10,281,1.605373e+01
BACA,8,10,282,1.624262e+01
BACA,8,10,283,1.620838e+01
BACA,8,10,284,1.622868e+01
BACA,8,10,285,1.584045e+01
BACA,8,10,286,1.578629e+01
BACA,8,10,287,1.572949e+01
BACA,8,10,288,1.563948e+01
BACA,8,10,289,1.561783e+01
BACA,8,10,290,1.556153e+01
BACA,8,10,291,1.536830e+01
BACA,8,10,292,1.536874e+01
BACA,8,10,293,1.536492e+01
BACA,8,10,294,1.521894e+01
BACA,8,10,295,1.555617e+01
BACA,8,10,296,1.550727e+01
BACA,8,10,297,1.560600e+01
BACA,8,10,298,1.560082e+01
BACA,8,10,299,1.569185e+01
BACA,8,10,300,1.568972e+01
BACA,8,10,301,1.553062e+01
BACA,8,10,302,1.520222e+01
BACA,8,10,303,1.563374e+01
BACA,8,10,304,1.570087e+01
BACA,8,10,305,1.578038e+01
BACA,8,10,306,1.570314e+01
BACA,8,10,307,1.584176e+01
BACA,8,10,308,1.570854e+01
BACA,8,10,309,1.539669e+01
BACA,8,10,310,1.515527e+01
BACA,8,10,311,1.516505e+01
BACA,8,10,312,1.482938e+01
BACA,8,10,313,1.476980e+01
BACA,8,10,314,1.524173e+01
BACA,8,10,315,1.503493e+01
BACA,8,10,316,1.487633e+01
BACA,8,10,317,1.463740e+01
BACA,8,10,318,1.458165e+01
BACA,8,10,319,1.456763e+01
BACA,8,10,320,1.396081e+01
BACA,8,10,321,1.401175e+01
BACA,8,10,322,1.393162e+01
BACA,8,10,323,1.384682e+01
BACA,8,10,324,1.375519e+01
BACA,8,10,325,1.401765e+01
BACA,8,10,326,1.398406e+01
BACA,8,10,327,1.410879e+01
BACA,8,10,328,1.400717e+01
BACA,8,10,329,1.381803e+01
BACA,8,10,330,1.354726e+01
BACA,8,10,331,1.350691e+01
BACA,8,10,332,1.336768e+01
BACA,8,10,333,1.330837e+01
BACA,8,10,334,1.336320e+01
BACA,8,10,335,1.338403e+01
BACA,8,10,336,1.358936e+01
BACA,8,10,337,1.346271e+01
BACA,8,10,338,1.334362e+01
BACA,8,10,339,1.291043e+01
BACA,8,10,340,1.281732e+01
BACA,8,10,341,1.278543e+01
BACA,8,10,342,1.278903e+01
BACA,8,10,343,1.278993e+01
BACA,8,10,344,1.291786e+01
BACA,8,10,345,1.302119e+01
BACA,8,10,346,1.315373e+01
BACA,8,10,347,1.310227e+01
BACA,8,10,348,1.284825e+01
BACA,8,10,349,1.300037e+01
BACA,8,10,350,1.293273e+01
BACA,8,10,351,1.311872e+01
BACA,8,10,352,1.313341e+01
BACA,8,10,353,1.332239e+01
BACA,8,10,354,1.334903e+01
BACA,8,10,355,1.328617e+01
BACA,8,10,356,1.340529e+01
BACA,8,10,357,1.338626e+01
BACA,8,10,358,1.317352e+01
BACA,8,10,359,1.318051e+01
BACA,8,10,360,1.298832e+01
BACA,8,10,361,1.297780e+01
BACA,8,10,362,1.299807e+01
BACA,8,10,363,1.345264e+01
BACA,8,10,364,1.327079e+01
BACA,8,10,365,1.263447e+01
BACA,8,10,366,1.262346e+01
BACA,8,10,367,1.269097e+01
BACA,8,10,368,1.281240e+01
BACA,8,10,369,1.273869e+01
BACA,8,10,370,1.296082e+01
BACA,8,10,371,1.295674e+01
BACA,8,10,372,1.244284e+01
BACA,8,10,373,1.256645e+01
BACA,8,10,374,1.261096e+01
BACA,8,10,375,1.396813e+01
BACA,8,10,376,1.389094e+01
BACA,8,10,377,1.367333e+01
BACA,8,10,378,1.329652e+01
BACA,8,10,379,1.248741e+01
BACA,8,10,380,1.251671e+01
BACA,8,10,381,1.240755e+01
BACA,8,10,382,1.191164e+01
BACA,8,10,383,1.207100e+01
BACA,8,10,384,1.206673e+01
BACA,8,10,385,1.191297e+01
BACA,8,10,386,1.215611e+01
BACA,8,10,387,1.172576e+01
BACA,8,10,388,1.166466e+01
BACA,8,10,389,1.150201e+01
BACA,8,10,390,1.148908e+01
BACA,8,10,391,1.165335e+01
BACA,8,10,392,1.166977e+01
BACA,8,10,393,1.161221e+01
BACA,8,10,394,1.153499e+01
BACA,8,10,395,1.173321e+01
BACA,8,10,396,1.170491e+01
BACA,8,10,397,1.157315e+01
BACA,8,10,398,1.114210e+01
BACA,8,10,399,1.138885e+01
BACA,8,10,400,1.152858e+01
BACA,8,10,401,1.148399e+01
BACA,8,10,402,1.136985e+01
BACA,8,10,403,1.139109e+01
BACA,8,10,404,1.164387e+01
BACA,8,10,405,1.208335e+01
BACA,8,10,406,1.205123e+01
BACA,8,10,407,1.172277e+01
BACA,8,10,408,1.115670e+01
BACA,8,10,409,1.094237e+01
BACA,8,10,410,1.094176e+01
BACA,8,10,411,1.124332e+01
BACA,8,10,412,1.115357e+01
BACA,8,10,413,1.092518e+01
BACA,8,10,414,1.082279e+01
BACA,8,10,415,1.073968e+01
BACA,8,10,416,1.052929e+01
BACA,8,10,417,1.058154e+01
BACA,8,10,418,1.060957e+01
BACA,8,10,419,1.038796e+01
BACA,8,10,420,1.029584e+01
BACA,8,10,421,1.038682e+01
BACA,8,10,422,1.043287e+01
BACA,8,10,423,1.026019e+01
BACA,8,10,424,1.027374e+01
BACA,8,10,425,1.020868e+01
BACA,8,10,426,1.036125e+01
BACA,8,10,427,1.094615e+01
BACA,8,10,428,1.093381e+01
BACA,8,10,429,1.110329e+01
BACA,8,10,430,1.098549e+01
BACA,8,10,431,1.033813e+01
BACA,8,10,432,1.026358e+01
BACA,8,10,433,1.023899e+01
BACA,8,10,434,1.007009e+01
BACA,8,10,435,1.016864e+01
BACA,8,10,436,1.005618e+01
BACA,8,10,437,1.008406e+01
BACA,8,10,438,1.044147e+01
BACA,8,10,439,1.054668e+01
BACA,8,10,440,9.492192e+00
BACA,8,10,441,9.416064e+00
BACA,8,10,442,9.745638e+00
BACA,8,10,443,9.541818e+00
BACA,8,10,444,9.299262e+00
BACA,8,10,445,9.950516e+00
BACA,8,10,446,9.890309e+00
BACA,8,10,447,9.399407e+00
BACA,8,10,448,9.485954e+00
BACA,8,10,449,9.598963e+00
BACA,8,10,450,9.488088e+00
BACA,8,10,451,9.279443e+00
BACA,8,10,452,9.279832e+00
BACA,8,10,453,9.508946e+00
BACA,8,10,454,9.582535e+00
BACA,8,10,455,9.339915e+00
BACA,8,10,456,9.591372e+00
BACA,8,10,457,9.719076e+00
BACA,8,10,458,9.761060e+00
BACA,8,10,459,9.762893e+00
BACA,8,10,460,1.068744e+01
BACA,8,10,461,1.069207e+01
BACA,8,10,462,1.005381e+01
BACA,8,10,463,1.019846e+01
BACA,8,10,464,9.856465e+00
BACA,8,10,465,9.510741e+00
BACA,8,10,466,9.558704e+00
BACA,8,10,467,9.517298e+00
BACA,8,10,468,9.297255e+00
BACA,8,10,469,8.885527e+00
BACA,8,10,470,8.873800e+00
BACA,8,10,471,8.964748e+00
BACA,8,10,472,8.686458e+00
BACA,8,10,473,9.010141e+00
BACA,8,10,474,8.957361e+00
BACA,8,10,475,9.188747e+00
BACA,8,10,476,9.066222e+00
BACA,8,10,477,9.024689e+00
BACA,8,10,478,8.982442e+00
BACA,8,10,479,8.679535e+00
BACA,8,10,480,8.733652e+00
BACA,8,10,481,8.653896e+00
BACA,8,10,482,9.692898e+00
BACA,8,10,483,9.431635e+00
BACA,8,10,484,9.189218e+00
BACA,8,10,485,9.321450e+00
BACA,8,10,486,9.305680e+00
BACA,8,10,487,9.348824e+00
BACA,8,10,488,8.896955e+00
BACA,8,10,489,9.005522e+00
BACA,8,10,490,8.742507e+00
BACA,8,10,491,8.132519e+00
BACA,8,10,492,7.717566e+00
BACA,8,10,493,7.612591e+00
BACA,8,10,494,7.578092e+00
BACA,8,10,495,7.479515e+00
BACA,8,10,496,7.464591e+00
BACA,8,10,497,7.433537e+00
BACA,8,10,498,7.520096e+00
BACA,8,10,499,7.490529e+00
BACA,8,10,500,7.513689e+00
BACA,8,10,501,7.604984e+00
BACA,8,10,502,7.743425e+00
BACA,8,10,503,7.872963e+00
BACA,8,10,504,7.763261e+00
BACA,8,10,505,7.801382e+00
BACA,8,10,506,7.597439e+00
BACA,8,10,507,7.539400e+00
BACA,8,10,508,7.636253e+00
BACA,8,10,509,7.610915e+00
BACA,8,10,510,7.542801e+00
BACA,8,10,511,7.359896e+00
BACA,8,10,512,7.308242e+00
BACA,8,10,513,7.637698e+00
BACA,8,10,514,7.535381e+00
BACA,8,10,515,7.453552e+00
BACA,8,10,516,7.390253e+00
BACA,8,10,517,7.206499e+00
BACA,8,10,518,7.361615e+00
BACA,8,10,519,7.258970e+00
BACA,8,10,520,7.264982e+00
BACA,8,10,521,7.169745e+00
BACA,8,10,522,7.083824e+00
BACA,8,10,523,7.388258e+00
BACA,8,10,524,7.355812e+00
BACA,8,10,525,7.863729e+00
BACA,8,10,526,8.107785e+00
BACA,8,10,527,8.409637e+00
BACA,8,10,528,8.359742e+00
BACA,8,10,529,7.338746e+00
BACA,8,10,530,7.213760e+00
BACA,8,10,531,6.992416e+00
BACA,8,10,532,7.097291e+00
BACA,8,10,533,7.057389e+00
BACA,8,10,534,7.095979e+00
BACA,8,10,535,6.952375e+00
BACA,8,10,536,6.910573e+00
BACA,8,10,537,6.914579e+00
BACA,8,10,538,6.892458e+00
BACA,8,10,539,6.810149e+00
BACA,8,10,540,6.653476e+00
BACA,8,10,541,6.572484e+00
BACA,8,10,542,6.485714e+00
BACA,8,10,543,6.451550e+00
BACA,8,10,544,6.420033e+00
BACA,8,10,545,6.302744e+00
BACA,8,10,546,6.146491e+00
BACA,8,10,547,6.097669e+00
BACA,8,10,548,6.014753e+00
BACA,8,10,549,6.014387e+00
BACA,8,10,550,6.290728e+00
BACA,8,10,551,5.876072e+00
BACA,8,10,552,5.878190e+00
BACA,8,10,553,5.821234e+00
BACA,8,10,554,5.795769e+00
BACA,8,10,555,5.783617e+00
BACA,8,10,556,5.742034e+00
BACA,8,10,557,5.948839e+00
BACA,8,10,558,5.891103e+00
BACA,8,10,559,5.921286e+00
BACA,8,10,560,5.937867e+00
BACA,8,10,561,5.834461e+00
BACA,8,10,562,5.802508e+00
BACA,8,10,563,5.621502e+00
BACA,8,10,564,5.624210e+00
BACA,8,10,565,5.894148e+00
BACA,8,10,566,5.977284e+00
BACA,8,10,567,5.853713e+00
BACA,8,10,568,5.721643e+00
BACA,8,10,569,5.686905e+00
BACA,8,10,570,5.464764e+00
BACA,8,10,571,5.467439e+00
BACA,8,10,572,5.476669e+00
BACA,8,10,573,5.491487e+00
BACA,8,10,574,5.410765e+00
BACA,8,10,575,5.438358e+00
BACA,8,10,576,5.553884e+00
BACA,8,10,577,5.702931e+00
BACA,8,10,578,5.679839e+00
BACA,8,10,579,5.584846e+00
BACA,8,10,580,5.324719e+00
BACA,8,10,581,5.339080e+00
BACA,8,10,582,5.286582e+00
BACA,8,10,583,5.514806e+00
BACA,8,10,584,5.677996e+00
BACA,8,10,585,5.655967e+00
BACA,8,10,586,5.755190e+00
BACA,8,10,587,5.577643e+00
BACA,8,10,588,5.411186e+00
BACA,8,10,589,5.414417e+00
BACA,8,10,590,5.608465e+00
BACA,8,10,591,5.755004e+00
BACA,8,10,592,5.433153e+00
BACA,8,10,593,5.332336e+00
BACA,8,10,594,5.158318e+00
BACA,8,10,595,5.151605e+00
BACA,8,10,596,5.135235e+00
BACA,8,10,597,5.074585e+00
BACA,8,10,598,4.927008e+00
BACA,8,10,599,4.999381e+00
BACA,8,10,600,5.080504e+00
BACA,8,10,601,5.056279e+00
BACA,8,10,602,5.001292e+00
BACA,8,10,603,4.783140e+00
BACA,8,10,604,4.935595e+00
BACA,8,10,605,5.104947e+00
BACA,8,10,606,5.100181e+00
BACA,8,10,607,4.867701e+00
BACA,8,10,608,4.839563e+00
BACA,8,10,609,4.840908e+00
BACA,8,10,610,4.789128e+00
BACA,8,10,611,4.641625e+00
BACA,8,10,612,4.611017e+00
BACA,8,10,613,4.584496e+00
BACA,8,10,614,4.589007e+00
BACA,8,10,615,4.562081e+00
BACA,8,10,616,4.495627e+00
BACA,8,10,617,4.620613e+00
BACA,8,10,618,4.532709e+00
BACA,8,10,619,4.576460e+00
BACA,8,10,620,4.575778e+00
BACA,8,10,621,4.428252e+00
BACA,8,10,622,4.197359e+00
BACA,8,10,623,4.278689e+00
BACA,8,10,624,4.328341e+00
BACA,8,10,625,4.357456e+00
BACA,8,10,626,4.441163e+00
BACA,8,10,627,4.571016e+00
BACA,8,10,628,4.585296e+00
BACA,8,10,629,4.380368e+00
BACA,8,10,630,4.458607e+00
BACA,8,10,631,4.541541e+00
BACA,8,10,632,4.574741e+00
BACA,8,10,633,4.770052e+00
BACA,8,10,634,4.914244e+00
BACA,8,10,635,5.274332e+00
BACA,8,10,636,5.313296e+00
BACA,8,10,637,5.290738e+00
BACA,8,10,638,5.270380e+00
BACA,8,10,639,5.311547e+00
BACA,8,10,640,4.768744e+00
BACA,8,10,641,4.737589e+00
BACA,8,10,642,4.421882e+00
BACA,8,10,643,4.301386e+00
BACA,8,10,644,4.219945e+00
BACA,8,10,645,4.162259e+00
BACA,8,10,646,4.071124e+00
BACA,8,10,647,4.084996e+00
BACA,8,10,648,4.027982e+00
BACA,8,10,649,4.031397e+00
BACA,8,10,650,4.101800e+00
BACA,8,10,651,4.148488e+00
BACA,8,10,652,4.150922e+00
BACA,8,10,653,3.960202e+00
BACA,8,10,654,3.980402e+00
BACA,8,10,655,4.055528e+00
BACA,8,10,656,3.929782e+00
BACA,8,10,657,3.928384e+00
BACA,8,10,658,3.976050e+00
BACA,8,10,659,3.827579e+00
BACA,8,10,660,3.774431e+00
BACA,8,10,661,3.764864e+00
BACA,8,10,662,3.726154e+00
BACA,8,10,663,3.791383e+00
BACA,8,10,664,3.836230e+00
BACA,8,10,665,3.831784e+00
BACA,8,10,666,3.888928e+00
BACA,8,10,667,3.904936e+00
BACA,8,10,668,3.847951e+00
BACA,8,10,669,3.803893e+00
BACA,8,10,670,3.869172e+00
BACA,8,10,671,3.827582e+00
BACA,8,10,672,3.846462e+00
BACA,8,10,673,3.921169e+00
BACA,8,10,674,3.835614e+00
BACA,8,10,675,3.710349e+00
BACA,8,10,676,3.513714e+00
BACA,8,10,677,3.538626e+00
BACA,8,10,678,3.491651e+00
BACA,8,10,679,3.868967e+00
BACA,8,10,680,3.918851e+00
BACA,8,10,681,3.726538e+00
BACA,8,10,682,3.617248e+00
BACA,8,10,683,3.668932e+00
BACA,8,10,684,3.473916e+00
BACA,8,10,685,3.431466e+00
BACA,8,10,686,3.502544e+00
BACA,8,10,687,3.472789e+00
BACA,8,10,688,3.465671e+00
BACA,8,10,689,3.636651e+00
BACA,8,10,690,3.474248e+00
BACA,8,10,691,3.562586e+00
BACA,8,10,692,3.457957e+00
BACA,8,10,693,3.344224e+00
BACA,8,10,694,3.271526e+00
BACA,8,10,695,3.214885e+00
BACA,8,10,696,3.141302e+00
BACA,8,10,697,3.171985e+00
BACA,8,10,698,3.104506e+00
BACA,8,10,699,3.060839e+00
BACA,8,10,700,2.843769e+00
BACA,8,10,701,2.830176e+00
BACA,8,10,702,2.840661e+00
BACA,8,10,703,2.865665e+00
BACA,8,10,704,2.816130e+00
BACA,8,10,705,2.795409e+00
BACA,8,10,706,2.750468e+00
BACA,8,10,707,2.688103e+00
BACA,8,10,708,2.664251e+00
BACA,8,10,709,2.638437e+00
BACA,8,10,710,2.627730e+00
BACA,8,10,711,2.635152e+00
BACA,8,10,712,2.660600e+00
BACA,8,10,713,2.626474e+00
BACA,8,10,714,2.551449e+00
BACA,8,10,715,2.570890e+00
BACA,8,10,716,2.545821e+00
BACA,8,10,717,2.557304e+00
BACA,8,10,718,2.507013e+00
BACA,8,10,719,2.502556e+00
BACA,8,10,720,2.482674e+00
BACA,8,10,721,2.435113e+00
BACA,8,10,722,2.410158e+00
BACA,8,10,723,2.421453e+00
BACA,8,10,724,2.413903e+00
BACA,8,10,725,2.414929e+00
BACA,8,10,726,2.400271e+00
BACA,8,10,727,2.431945e+00
BACA,8,10,728,2.490610e+00
BACA,8,10,729,2.470050e+00
BACA,8,10,730,2.547740e+00
BACA,8,10,731,2.550312e+00
BACA,8,10,732,2.496029e+00
BACA,8,10,733,2.463962e+00
BACA,8,10,734,2.305568e+00
BACA,8,10,735,2.322212e+00
BACA,8,10,736,2.313038e+00
BACA,8,10,737,2.318022e+00
BACA,8,10,738,2.302645e+00
BACA,8,10,739,2.414507e+00
BACA,8,10,740,2.423073e+00
BACA,8,10,741,2.339595e+00
BACA,8,10,742,2.368445e+00
BACA,8,10,743,2.314908e+00
BACA,8,10,744,2.263452e+00
BACA,8,10,745,2.265546e+00
BACA,8,10,746,2.306267e+00
BACA,8,10,747,2.308875e+00
BACA,8,10,748,2.298305e+00
BACA,8,10,749,2.280102e+00
BACA,8,10,750,2.242215e+00
BACA,8,10,751,2.277537e+00
BACA,8,10,752,2.152636e+00
BACA,8,10,753,2.135725e+00
BACA,8,10,754,2.165119e+00
BACA,8,10,755,2.196003e+00
BACA,8,10,756,2.111088e+00
BACA,8,10,757,2.073250e+00
BACA,8,10,758,2.079407e+00
BACA,8,10,759,2.060593e+00
BACA,8,10,760,2.028981e+00
BACA,8,10,761,2.011063e+00
BACA,8,10,762,2.007176e+00
BACA,8,10,763,1.975736e+00
BACA,8,10,764,1.973843e+00
BACA,8,10,765,1.952232e+00
BACA,8,10,766,1.978099e+00
BACA,8,10,767,1.976501e+00
BACA,8,10,768,1.936343e+00
BACA,8,10,769,1.953112e+00
BACA,8,10,770,1.951939e+00
BACA,8,10,771,1.899665e+00
BACA,8,10,772,1.905537e+00
BACA,8,10,773,1.942741e+00
BACA,8,10,774,1.925060e+00
BACA,8,10,775,1.887252e+00
BACA,8,10,776,1.877907e+00
BACA,8,10,777,1.891457e+00
BACA,8,10,778,1.859973e+00
BACA,8,10,779,1.825290e+00
BACA,8,10,780,1.840550e+00
BACA,8,10,781,1.834581e+00
BACA,8,10,782,1.804675e+00
BACA,8,10,783,1.750295e+00
BACA,8,10,784,1.790460e+00
BACA,8,10,785,1.763231e+00
BACA,8,10,786,1.768395e+00
BACA,8,10,787,1.705933e+00
BACA,8,10,788,1.679175e+00
BACA,8,10,789,1.683108e+00
BACA,8,10,790,1.633191e+00
BACA,8,10,791,1.858965e+00
BACA,8,10,792,2.016656e+00
BACA,8,10,793,2.026722e+00
BACA,8,10,794,2.157366e+00
BACA,8,10,795,2.207623e+00
BACA,8,10,796,1.529095e+00
BACA,8,10,797,1.514438e+00
BACA,8,10,798,1.501526e+00
BACA,8,10,799,1.513727e+00
BACA,8,10,800,1.465988e+00
BACA,8,10,801,1.394379e+00
BACA,8,10,802,1.384917e+00
BACA,8,10,803,1.361304e+00
BACA,8,10,804,1.340790e+00
BACA,8,10,805,1.313637e+00
BACA,8,10,806,1.315596e+00
BACA,8,10,807,1.347465e+00
BACA,8,10,808,1.403296e+00
BACA,8,10,809,1.376551e+00
BACA,8,10,810,1.447375e+00
BACA,8,10,811,1.401675e+00
BACA,8,10,812,1.352696e+00
BACA,8,10,813,1.508014e+00
BACA,8,10,814,1.542976e+00
BACA,8,10,815,1.609046e+00
BACA,8,10,816,1.447540e+00
BACA,8,10,817,1.536603e+00
BACA,8,10,818,1.515832e+00
BACA,8,10,819,1.278686e+00
BACA,8,10,820,1.262402e+00
BACA,8,10,821,1.147993e+00
BACA,8,10,822,1.142198e+00
BACA,8,10,823,1.157595e+00
BACA,8,10,824,1.179597e+00
BACA,8,10,825,1.214299e+00
BACA,8,10,826,1.184045e+00
BACA,8,10,827,1.182540e+00
BACA,8,10,828,1.152197e+00
BACA,8,10,829,1.134650e+00
BACA,8,10,830,1.161738e+00
BACA,8,10,831,1.161869e+00
BACA,8,10,832,1.089866e+00
BACA,8,10,833,1.092653e+00
BACA,8,10,834,1.026883e+00
BACA,8,10,835,1.014478e+00
BACA,8,10,836,9.904737e-01
BACA,8,10,837,9.756196e-01
BACA,8,10,838,9.554702e-01
BACA,8,10,839,9.416327e-01
BACA,8,10,840,9.104569e-01
BACA,8,10,841,9.081768e-01
BACA,8,10,842,9.187960e-01
BACA,8,10,843,9.105803e-01
BACA,8,10,844,9.034936e-01
BACA,8,10,845,9.095897e-01
BACA,8,10,846,9.050750e-01
BACA,8,10,847,9.077769e-01
BACA,8,10,848,8.907119e-01
BACA,8,10,849,8.890610e-01
BACA,8,10,850,8.845440e-01
BACA,8,10,851,9.083224e-01
BACA,8,10,852,9.189838e-01
BACA,8,10,853,9.543635e-01
BACA,8,10,854,9.938337e-01
BACA,8,10,855,8.616508e-01
BACA,8,10,856,8.374848e-01
BACA,8,10,857,7.795342e-01
BACA,8,10,858,7.455574e-01
BACA,8,10,859,7.503936e-01
BACA,8,10,860,7.394368e-01
BACA,8,10,861,7.197557e-01
BACA,8,10,862,7.158108e-01
BACA,8,10,863,7.070902e-01
BACA,8,10,864,7.191321e-01
BACA,8,10,865,7.027120e-01
BACA,8,10,866,7.187998e-01
BACA,8,10,867,6.827891e-01
BACA,8,10,868,6.545545e-01
BACA,8,10,869,6.654790e-01
BACA,8,10,870,6.851807e-01
BACA,8,10,871,6.813902e-01
BACA,8,10,872,6.455667e-01
BACA,8,10,873,6.267319e-01
BACA,8,10,874,6.123275e-01
BACA,8,10,875,6.205100e-01
BACA,8,10,876,6.221494e-01
BACA,8,10,877,6.241445e-01
BACA,8,10,878,6.251372e-01
BACA,8,10,879,6.490222e-01
BACA,8,10,880,6.546841e-01
BACA,8,10,881,6.620287e-01
BACA,8,10,882,6.513564e-01
BACA,8,10,883,5.807628e-01
BACA,8,10,884,5.858824e-01
BACA,8,10,885,6.007154e-01
BACA,8,10,886,5.776167e-01
BACA,8,10,887,5.908931e-01
BACA,8,10,888,6.380323e-01
BACA,8,10,889,6.556054e-01
BACA,8,10,890,6.804092e-01
BACA,8,10,891,6.214068e-01
BACA,8,10,892,5.670100e-01
BACA,8,10,893,5.617271e-01
BACA,8,10,894,5.308381e-01
BACA,8,10,895,5.276351e-01
BACA,8,10,896,4.955812e-01
BACA,8,10,897,4.865986e-01
BACA,8,10,898,4.657289e-01
BACA,8,10,899,4.628426e-01
BACA,8,10,900,4.653282e-01
BACA,8,10,901,4.454324e-01
BACA,8,10,902,4.279955e-01
BACA,8,10,903,4.280971e-01
BACA,8,10,904,4.328447e-01
BACA,8,10,905,4.465648e-01
BACA,8,10,906,4.270303e-01
BACA,8,10,907,4.245917e-01
BACA,8,10,908,4.302851e-01
BACA,8,10,909,4.122123e-01
BACA,8,10,910,3.932237e-01
BACA,8,10,911,3.840569e-01
BACA,8,10,912,3.626178e-01
BACA,8,10,913,3.527809e-01
BACA,8,10,914,3.608459e-01
BACA,8,10,915,3.534933e-01
BACA,8,10,916,3.425868e-01
BACA,8,10,917,3.405396e-01
BACA,8,10,918,3.247877e-01
BACA,8,10,919,3.184869e-01
BACA,8,10,920,3.097457e-01
BACA,8,10,921,3.125719e-01
BACA,8,10,922,3.089498e-01
BACA,8,10,923,3.116565e-01
BACA,8,10,924,3.057055e-01
BACA,8,10,925,3.110055e-01
BACA,8,10,926,3.119110e-01
BACA,8,10,927,3.200577e-01
BACA,8,10,928,3.174921e-01
BACA,8,10,929,3.141887e-01
BACA,8,10,930,3.085326e-01
BACA,8,10,931,3.102514e-01
BACA,8,10,932,3.081880e-01
BACA,8,10,933,2.983136e-01
BACA,8,10,934,2.832670e-01
BACA,8,10,935,2.726928e-01
BACA,8,10,936,2.689064e-01
BACA,8,10,937,2.558718e-01
BACA,8,10,938,2.539074e-01
BACA,8,10,939,2.467472e-01
BACA,8,10,940,2.395757e-01
BACA,8,10,941,2.352124e-01
BACA,8,10,942,2.400725e-01
BACA,8,10,943,2.449789e-01
BACA,8,10,944,2.491869e-01
BACA,8,10,945,2.341406e-01
BACA,8,10,946,2.332462e-01
BACA,8,10,947,2.263824e-01
BACA,8,10,948,2.217716e-01
BACA,8,10,949,2.140256e-01
BACA,8,10,950,2.056073e-01
BACA,8,10,951,2.069086e-01
BACA,8,10,952,2.000952e-01
BACA,8,10,953,1.996152e-01
BACA,8,10,954,1.964884e-01
BACA,8,10,955,1.924791e-01
BACA,8,10,956,1.854950e-01
BACA,8,10,957,1.847301e-01
BACA,8,10,958,1.879085e-01
BACA,8,10,959,1.863769e-01
BACA,8,10,960,1.862998e-01
BACA,8,10,961,1.836021e-01
BACA,8,10,962,1.806125e-01
BACA,8,10,963,1.780636e-01
BACA,8,10,964,1.794876e-01
BACA,8,10,965,1.792606e-01
BACA,8,10,966,1.758105e-01
BACA,8,10,967,1.742912e-01
BACA,8,10,968,1.730762e-01
BACA,8,10,969,1.716496e-01
BACA,8,10,970,1.703735e-01
BACA,8,10,971,1.686021e-01
BACA,8,10,972,1.673441e-01
BACA,8,10,973,1.668271e-01
BACA,8,10,974,1.659062e-01
BACA,8,10,975,1.662455e-01
BACA,8,10,976,1.657122e-01
BACA,8,10,977,1.649325e-01
BACA,8,10,978,1.648546e-01
BACA,8,10,979,1.651663e-01
BACA,8,10,980,1.652439e-01
BACA,8,10,981,1.648970e-01
BACA,8,10,982,1.640622e-01
BACA,8,10,983,1.641789e-01
BACA,8,10,984,1.613253e-01
BACA,8,10,985,1.618089e-01
BACA,8,10,986,1.626046e-01
BACA,8,10,987,1.613183e-01
BACA,8,10,988,2.229848e-02
BACA,8,10,989,2.596149e-02
BACA,8,10,990,2.268069e-02
BACA,8,10,991,1.728432e-02
BACA,8,10,992,6.082541e-03
BACA,8,10,993,4.905395e-03
BACA,8,10,994,3.551591e-03
BACA,8,10,995,2.789838e-05
BACA,16,9,1,1.010773e+02
BACA,16,9,2,9.675011e+01
BACA,16,9,3,9.521536e+01
BACA,16,9,4,9.346187e+01
BACA,16,9,5,9.055952e+01
BACA,16,9,6,8.776063e+01
BACA,16,9,7,8.650488e+01
BACA,16,9,8,8.348884e+01
BACA,16,9,9,8.281525e+01
BACA,16,9,10,8.062043e+01
BACA,16,9,11,7.469910e+01
BACA,16,9,12,7.451125e+01
BACA,16,9,13,7.095963e+01
BACA,16,9,14,6.873044e+01
BACA,16,9,15,6.837366e+01
BACA,16,9,16,6.844249e+01
BACA,16,9,17,6.729337e+01
BACA,16,9,18,6.673801e+01
BACA,16,9,19,6.281718e+01
BACA,16,9,20,6.220905e+01
BACA,16,9,21,6.161164e+01
BACA,16,9,22,6.115719e+01
BACA,16,9,23,5.999190e+01
BACA,16,9,24,5.998940e+01
BACA,16,9,25,5.963874e+01
BACA,16,9,26,5.889151e+01
BACA,16,9,27,5.854242e+01
BACA,16,9,28,5.734389e+01
BACA,16,9,29,5.720149e+01
BACA,16,9,30,5.653148e+01
BACA,16,9,31,5.629471e+01
BACA,16,9,32,5.599590e+01
BACA,16,9,33,5.566393e+01
BACA,16,9,34,5.464824e+01
BACA,16,9,35,5.474548e+01
BACA,16,9,36,5.455405e+01
BACA,16,9,37,5.427337e+01
BACA,16,9,38,5.369680e+01
BACA,16,9,39,5.378504e+01
BACA,16,9,40,5.336765e+01
BACA,16,9,41,5.320559e+01
BACA,16,9,42,5.291920e+01
BACA,16,9,43,5.170533e+01
BACA,16,9,44,5.041774e+01
BACA,16,9,45,5.008965e+01
BACA,16,9,46,5.004393e+01
BACA,16,9,47,4.948114e+01
BACA,16,9,48,4.942117e+01
BACA,16,9,49,4.915137e+01
BACA,16,9,50,4.852478e+01
BACA,16,9,51,4.833636e+01
BACA,16,9,52,4.820624e+01
BACA,16,9,53,4.799100e+01
BACA,16,9,54,4.794434e+01
BACA,16,9,55,4.778159e+01
BACA,16,9,56,4.763419e+01
BACA,16,9,57,4.755332e+01
BACA,16,9,58,4.713766e+01
BACA,16,9,59,4.677054e+01
BACA,16,9,60,4.637293e+01
BACA,16,9,61,4.599934e+01
BACA,16,9,62,4.612509e+01
BACA,16,9,63,4.585451e+01
BACA,16,9,64,4.557215e+01
BACA,16,9,65,4.519938e+01
BACA,16,9,66,4.510892e+01
BACA,16,9,67,4.441636e+01
BACA,16,9,68,4.393484e+01
BACA,16,9,69,4.342512e+01
BACA,16,9,70,4.293076e+01
BACA,16,9,71,4.263978e+01
BACA,16,9,72,4.326465e+01
BACA,16,9,73,4.315914e+01
BACA,16,9,74,4.263818e+01
BACA,16,9,75,4.185695e+01
BACA,16,9,76,4.189527e+01
BACA,16,9,77,4.107783e+01
BACA,16,9,78,4.083838e+01
BACA,16,9,79,4.057412e+01
BACA,16,9,80,4.032481e+01
BACA,16,9,81,3.999845e+01
BACA,16,9,82,3.919111e+01
BACA,16,9,83,3.902529e+01
BACA,16,9,84,3.892992e+01
BACA,16,9,85,3.875379e+01
BACA,16,9,86,3.852008e+01
BACA,16,9,87,3.837468e+01
BACA,16,9,88,3.829366e+01
BACA,16,9,89,3.767190e+01
BACA,16,9,90,3.711601e+01
BACA,16,9,91,3.701623e+01
BACA,16,9,92,3.681894e+01
BACA,16,9,93,3.669073e+01
BACA,16,9,94,3.642538e+01
BACA,16,9,95,3.635828e+01
BACA,16,9,96,3.568008e+01
BACA,16,9,97,3.555452e+01
BACA,16,9,98,3.533885e+01
BACA,16,9,99,3.520050e+01
BACA,16,9,100,3.518859e+01
BACA,16,9,101,3.502632e+01
BACA,16,9,102,3.457637e+01
BACA,16,9,103,3.448294e+01
BACA,16,9,104,3.441650e+01
BACA,16,9,105,3.438363e+01
BACA,16,9,106,3.419687e+01
BACA,16,9,107,3.405628e+01
BACA,16,9,108,3.379314e+01
BACA,16,9,109,3.368502e+01
BACA,16,9,110,3.348874e+01
BACA,16,9,111,3.361322e+01
BACA,16,9,112,3.349316e+01
BACA,16,9,113,3.326823e+01
BACA,16,9,114,3.292293e+01
BACA,16,9,115,3.228270e+01
BACA,16,9,116,3.208479e+01
BACA,16,9,117,3.196516e+01
BACA,16,9,118,3.128790e+01
BACA,16,9,119,3.115291e+01
BACA,16,9,120,3.107476e+01
BACA,16,9,121,3.106017e+01
BACA,16,9,122,3.098752e+01
BACA,16,9,123,3.074168e+01
BACA,16,9,124,3.045052e+01
BACA,16,9,125,3.059025e+01
BACA,16,9,126,3.030900e+01
BACA,16,9,127,3.018448e+01
BACA,16,9,128,3.009139e+01
BACA,16,9,129,2.997544e+01
BACA,16,9,130,2.968095e+01
BACA,16,9,131,2.978787e+01
BACA,16,9,132,2.958897e+01
BACA,16,9,133,2.951910e+01
BACA,16,9,134,2.914322e+01
BACA,16,9,135,2.893556e+01
BACA,16,9,136,2.874716e+01
BACA,16,9,137,2.874372e+01
BACA,16,9,138,2.855763e+01
BACA,16,9,139,2.815563e+01
BACA,16,9,140,2.806672e+01
BACA,16,9,141,2.741999e+01
BACA,16,9,142,2.735004e+01
BACA,16,9,143,2.707851e+01
BACA,16,9,144,2.654998e+01
BACA,16,9,145,2.594360e+01
BACA,16,9,146,2.588877e+01
BACA,16,9,147,2.559218e+01
BACA,16,9,148,2.547603e+01
BACA,16,9,149,2.550316e+01
BACA,16,9,150,2.542901e+01
BACA,16,9,151,2.521997e+01
BACA,16,9,152,2.516403e+01
BACA,16,9,153,2.525458e+01
BACA,16,9,154,2.556816e+01
BACA,16,9,155,2.521387e+01
BACA,16,9,156,2.516370e+01
BACA,16,9,157,2.464271e+01
BACA,16,9,158,2.445635e+01
BACA,16,9,159,2.444770e+01
BACA,16,9,160,2.440678e+01
BACA,16,9,161,2.466602e+01
BACA,16,9,162,2.447191e+01
BACA,16,9,163,2.444624e+01
BACA,16,9,164,2.448174e+01
BACA,16,9,165,2.455876e+01
BACA,16,9,166,2.454250e+01
BACA,16,9,167,2.468007e+01
BACA,16,9,168,2.459283e+01
BACA,16,9,169,2.444051e+01
BACA,16,9,170,2.432650e+01
BACA,16,9,171,2.406100e+01
BACA,16,9,172,2.432415e+01
BACA,16,9,173,2.428522e+01
BACA,16,9,174,2.428464e+01
BACA,16,9,175,2.451685e+01
BACA,16,9,176,2.447647e+01
BACA,16,9,177,2.280653e+01
BACA,16,9,178,2.275525e+01
BACA,16,9,179,2.262710e+01
BACA,16,9,180,2.296285e+01
BACA,16,9,181,2.287692e+01
BACA,16,9,182,2.229945e+01
BACA,16,9,183,2.239746e+01
BACA,16,9,184,2.237516e+01
BACA,16,9,185,2.223414e+01
BACA,16,9,186,2.205621e+01
BACA,16,9,187,2.172212e+01
BACA,16,9,188,2.155850e+01
BACA,16,9,189,2.166556e+01
BACA,16,9,190,2.163294e+01
BACA,16,9,191,2.180286e+01
BACA,16,9,192,2.153989e+01
BACA,16,9,193,2.148916e+01
BACA,16,9,194,2.120729e+01
BACA,16,9,195,2.102419e+01
BACA,16,9,196,2.098013e+01
BACA,16,9,197,2.093379e+01
BACA,16,9,198,2.087125e+01
BACA,16,9,199,2.101259e+01
BACA,16,9,200,2.098891e+01
BACA,16,9,201,2.096227e+01
BACA,16,9,202,2.103465e+01
BACA,16,9,203,2.100041e+01
BACA,16,9,204,2.107908e+01
BACA,16,9,205,2.090434e+01
BACA,16,9,206,2.054464e+01
BACA,16,9,207,2.018326e+01
BACA,16,9,208,1.969575e+01
BACA,16,9,209,1.925213e+01
BACA,16,9,210,1.942354e+01
BACA,16,9,211,1.921865e+01
BACA,16,9,212,1.921384e+01
BACA,16,9,213,1.915521e+01
BACA,16,9,214,1.915161e+01
BACA,16,9,215,1.905677e+01
BACA,16,9,216,1.880561e+01
BACA,16,9,217,1.880202e+01
BACA,16,9,218,1.883509e+01
BACA,16,9,219,1.877444e+01
BACA,16,9,220,1.898429e+01
BACA,16,9,221,1.899104e+01
BACA,16,9,222,1.898580e+01
BACA,16,9,223,1.897956e+01
BACA,16,9,224,1.954979e+01
BACA,16,9,225,1.923785e+01
BACA,16,9,226,1.907718e+01
BACA,16,9,227,1.856425e+01
BACA,16,9,228,1.835576e+01
BACA,16,9,229,1.826842e+01
BACA,16,9,230,1.816416e+01
BACA,16,9,231,1.788897e+01
BACA,16,9,232,1.755678e+01
BACA,16,9,233,1.739590e+01
BACA,16,9,234,1.728347e+01
BACA,16,9,235,1.717890e+01
BACA,16,9,236,1.709520e+01
BACA,16,9,237,1.717220e+01
BACA,16,9,238,1.708316e+01
BACA,16,9,239,1.704697e+01
BACA,16,9,240,1.719701e+01
BACA,16,9,241,1.729049e+01
BACA,16,9,242,1.726424e+01
BACA,16,9,243,1.715336e+01
BACA,16,9,244,1.706469e+01
BACA,16,9,245,1.708227e+01
BACA,16,9,246,1.702815e+01
BACA,16,9,247,1.684541e+01
BACA,16,9,248,1.687654e+01
BACA,16,9,249,1.698865e+01
BACA,16,9,250,1.695279e+01
BACA,16,9,251,1.685647e+01
BACA,16,9,252,1.696666e+01
BACA,16,9,253,1.728021e+01
BACA,16,9,254,1.715317e+01
BACA,16,9,255,1.705256e+01
BACA,16,9,256,1.700609e+01
BACA,16,9,257,1.686584e+01
BACA,16,9,258,1.670081e+01
BACA,16,9,259,1.666818e+01
BACA,16,9,260,1.638499e+01
BACA,16,9,261,1.634110e+01
BACA,16,9,262,1.621518e+01
BACA,16,9,263,1.627253e+01
BACA,16,9,264,1.621218e+01
BACA,16,9,265,1.617049e+01
BACA,16,9,266,1.600525e+01
BACA,16,9,267,1.584699e+01
BACA,16,9,268,1.553532e+01
BACA,16,9,269,1.548153e+01
BACA,16,9,270,1.543836e+01
BACA,16,9,271,1.551198e+01
BACA,16,9,272,1.544115e+01
BACA,16,9,273,1.550986e+01
BACA,16,9,274,1.568211e+01
BACA,16,9,275,1.572423e+01
BACA,16,9,276,1.555381e+01
BACA,16,9,277,1.569129e+01
BACA,16,9,278,1.566494e+01
BACA,16,9,279,1.577823e+01
BACA,16,9,280,1.564252e+01
BACA,16,9,281,1.566755e+01
BACA,16,9,282,1.568906e+01
BACA,16,9,283,1.600034e+01
BACA,16,9,284,1.579529e+01
BACA,16,9,285,1.574169e+01
BACA,16,9,286,1.569723e+01
BACA,16,9,287,1.555242e+01
BACA,16,9,288,1.550136e+01
BACA,16,9,289,1.554718e+01
BACA,16,9,290,1.551785e+01
BACA,16,9,291,1.549687e+01
BACA,16,9,292,1.559418e+01
BACA,16,9,293,1.557230e+01
BACA,16,9,294,1.541205e+01
BACA,16,9,295,1.547999e+01
BACA,16,9,296,1.518493e+01
BACA,16,9,297,1.519473e+01
BACA,16,9,298,1.508222e+01
BACA,16,9,299,1.528235e+01
BACA,16,9,300,1.527375e+01
BACA,16,9,301,1.530714e+01
BACA,16,9,302,1.521190e+01
BACA,16,9,303,1.518041e+01
BACA,16,9,304,1.490898e+01
BACA,16,9,305,1.490204e+01
BACA,16,9,306,1.479418e+01
BACA,16,9,307,1.470511e+01
BACA,16,9,308,1.449958e+01
BACA,16,9,309,1.443444e+01
BACA,16,9,310,1.440568e+01
BACA,16,9,311,1.458450e+01
BACA,16,9,312,1.452648e+01
BACA,16,9,313,1.437265e+01
BACA,16,9,314,1.434071e+01
BACA,16,9,315,1.433022e+01
BACA,16,9,316,1.429568e+01
BACA,16,9,317,1.424247e+01
BACA,16,9,318,1.408191e+01
BACA,16,9,319,1.403980e+01
BACA,16,9,320,1.397336e+01
BACA,16,9,321,1.385775e+01
BACA,16,9,322,1.375862e+01
BACA,16,9,323,1.362309e+01
BACA,16,9,324,1.358543e+01
BACA,16,9,325,1.360254e+01
BACA,16,9,326,1.360902e+01
BACA,16,9,327,1.357557e+01
BACA,16,9,328,1.356536e+01
BACA,16,9,329,1.356488e+01
BACA,16,9,330,1.355959e+01
BACA,16,9,331,1.351834e+01
BACA,16,9,332,1.351775e+01
BACA,16,9,333,1.350546e+01
BACA,16,9,334,1.364935e+01
BACA,16,9,335,1.362012e+01
BACA,16,9,336,1.366948e+01
BACA,16,9,337,1.335411e+01
BACA,16,9,338,1.348899e+01
BACA,16,9,339,1.351384e+01
BACA,16,9,340,1.344595e+01
BACA,16,9,341,1.343076e+01
BACA,16,9,342,1.336413e+01
BACA,16,9,343,1.333916e+01
BACA,16,9,344,1.330418e+01
BACA,16,9,345,1.332861e+01
BACA,16,9,346,1.294361e+01
BACA,16,9,347,1.289592e+01
BACA,16,9,348,1.277252e+01
BACA,16,9,349,1.311578e+01
BACA,16,9,350,1.302215e+01
BACA,16,9,351,1.291431e+01
BACA,16,9,352,1.292728e+01
BACA,16,9,353,1.292616e+01
BACA,16,9,354,1.294991e+01
BACA,16,9,355,1.285222e+01
BACA,16,9,356,1.259558e+01
BACA,16,9,357,1.265593e+01
BACA,16,9,358,1.269976e+01
BACA,16,9,359,1.265881e+01
BACA,16,9,360,1.251038e+01
BACA,16,9,361,1.273223e+01
BACA,16,9,362,1.259709e+01
BACA,16,9,363,1.248148e+01
BACA,16,9,364,1.254317e+01
BACA,16,9,365,1.240339e+01
BACA,16,9,366,1.255747e+01
BACA,16,9,367,1.227568e+01
BACA,16,9,368,1.267436e+01
BACA,16,9,369,1.269828e+01
BACA,16,9,370,1.239102e+01
BACA,16,9,371,1.229927e+01
BACA,16,9,372,1.228058e+01
BACA,16,9,373,1.221048e+01
BACA,16,9,374,1.229236e+01
BACA,16,9,375,1.214026e+01
BACA,16,9,376,1.207052e+01
BACA,16,9,377,1.189563e+01
BACA,16,9,378,1.181842e+01
BACA,16,9,379,1.169218e+01
BACA,16,9,380,1.153133e+01
BACA,16,9,381,1.144858e+01
BACA,16,9,382,1.149200e+01
BACA,16,9,383,1.137659e+01
BACA,16,9,384,1.124471e+01
BACA,16,9,385,1.123222e+01
BACA,16,9,386,1.131288e+01
BACA,16,9,387,1.115218e+01
BACA,16,9,388,1.103523e+01
BACA,16,9,389,1.112448e+01
BACA,16,9,390,1.130185e+01
BACA,16,9,391,1.155239e+01
BACA,16,9,392,1.149075e+01
BACA,16,9,393,1.145497e+01
BACA,16,9,394,1.178208e+01
BACA,16,9,395,1.181307e+01
BACA,16,9,396,1.194585e+01
BACA,16,9,397,1.183412e+01
BACA,16,9,398,1.181300e+01
BACA,16,9,399,1.220561e+01
BACA,16,9,400,1.195468e+01
BACA,16,9,401,1.191336e+01
BACA,16,9,402,1.142834e+01
BACA,16,9,403,1.135012e+01
BACA,16,9,404,1.120749e+01
BACA,16,9,405,1.091445e+01
BACA,16,9,406,1.112196e+01
BACA,16,9,407,1.134362e+01
BACA,16,9,408,1.109210e+01
BACA,16,9,409,1.099856e+01
BACA,16,9,410,1.093237e+01
BACA,16,9,411,1.131175e+01
BACA,16,9,412,1.126646e+01
BACA,16,9,413,1.109530e+01
BACA,16,9,414,1.130010e+01
BACA,16,9,415,1.140681e+01
BACA,16,9,416,1.087839e+01
BACA,16,9,417,1.098169e+01
BACA,16,9,418,1.090784e+01
BACA,16,9,419,1.086348e+01
BACA,16,9,420,1.094452e+01
BACA,16,9,421,1.097396e+01
BACA,16,9,422,1.098028e+01
BACA,16,9,423,1.065750e+01
BACA,16,9,424,1.084867e+01
BACA,16,9,425,1.080659e+01
BACA,16,9,426,1.073582e+01
BACA,16,9,427,1.077292e+01
BACA,16,9,428,1.067160e+01
BACA,16,9,429,1.056740e+01
BACA,16,9,430,1.030679e+01
BACA,16,9,431,1.042514e+01
BACA,16,9,432,1.033068e+01
BACA,16,9,433,1.024750e+01
BACA,16,9,434,1.017603e+01
BACA,16,9,435,1.013907e+01
BACA,16,9,436,1.004562e+01
BACA,16,9,437,9.922638e+00
BACA,16,9,438,9.880199e+00
BACA,16,9,439,9.853572e+00
BACA,16,9,440,9.641852e+00
BACA,16,9,441,9.483041e+00
BACA,16,9,442,9.450691e+00
BACA,16,9,443,9.425652e+00
BACA,16,9,444,9.378672e+00
BACA,16,9,445,9.426235e+00
BACA,16,9,446,9.556898e+00
BACA,16,9,447,9.518699e+00
BACA,16,9,448,9.201221e+00
BACA,16,9,449,8.994002e+00
BACA,16,9,450,9.082018e+00
BACA,16,9,451,9.213998e+00
BACA,16,9,452,9.202846e+00
BACA,16,9,453,9.228453e+00
BACA,16,9,454,9.100317e+00
BACA,16,9,455,8.938897e+00
BACA,16,9,456,8.871110e+00
BACA,16,9,457,8.720992e+00
BACA,16,9,458,8.714544e+00
BACA,16,9,459,8.808314e+00
BACA,16,9,460,8.813692e+00
BACA,16,9,461,8.700694e+00
BACA,16,9,462,8.498654e+00
BACA,16,9,463,8.520093e+00
BACA,16,9,464,8.421286e+00
BACA,16,9,465,8.439726e+00
BACA,16,9,466,8.586402e+00
BACA,16,9,467,8.652112e+00
BACA,16,9,468,8.615646e+00
BACA,16,9,469,8.690444e+00
BACA,16,9,470,8.477337e+00
BACA,16,9,471,8.365378e+00
BACA,16,9,472,8.468212e+00
BACA,16,9,473,8.546028e+00
BACA,16,9,474,8.577662e+00
BACA,16,9,475,8.626637e+00
BACA,16,9,476,8.501173e+00
BACA,16,9,477,8.135412e+00
BACA,16,9,478,8.071753e+00
BACA,16,9,479,7.969533e+00
BACA,16,9,480,7.834469e+00
BACA,16,9,481,7.909697e+00
BACA,16,9,482,7.795620e+00
BACA,16,9,483,7.631179e+00
BACA,16,9,484,7.506904e+00
BACA,16,9,485,7.506363e+00
BACA,16,9,486,7.427205e+00
BACA,16,9,487,7.395092e+00
BACA,16,9,488,7.373063e+00
BACA,16,9,489,7.381948e+00
BACA,16,9,490,7.281161e+00
BACA,16,9,491,7.376881e+00
BACA,16,9,492,7.337916e+00
BACA,16,9,493,7.384135e+00
BACA,16,9,494,7.456803e+00
BACA,16,9,495,7.421842e+00
BACA,16,9,496,7.532993e+00
BACA,16,9,497,7.512879e+00
BACA,16,9,498,7.486790e+00
BACA,16,9,499,7.312270e+00
BACA,16,9,500,7.283198e+00
BACA,16,9,501,7.331194e+00
BACA,16,9,502,7.369881e+00
BACA,16,9,503,7.448662e+00
BACA,16,9,504,7.481564e+00
BACA,16,9,505,7.360819e+00
BACA,16,9,506,7.469391e+00
BACA,16,9,507,7.503055e+00
BACA,16,9,508,7.584095e+00
BACA,16,9,509,7.446089e+00
BACA,16,9,510,7.510086e+00
BACA,16,9,511,7.588515e+00
BACA,16,9,512,7.439896e+00
BACA,16,9,513,7.414099e+00
BACA,16,9,514,7.483271e+00
BACA,16,9,515,7.399435e+00
BACA,16,9,516,7.424630e+00
BACA,16,9,517,7.428933e+00
BACA,16,9,518,7.462241e+00
BACA,16,9,519,7.460697e+00
BACA,16,9,520,7.367558e+00
BACA,16,9,521,7.286370e+00
BACA,16,9,522,7.323467e+00
BACA,16,9,523,7.312250e+00
BACA,16,9,524,6.919060e+00
BACA,16,9,525,6.819910e+00
BACA,16,9,526,6.769937e+00
BACA,16,9,527,6.749410e+00
BACA,16,9,528,6.774333e+00
BACA,16,9,529,6.636902e+00
BACA,16,9,530,6.588409e+00
BACA,16,9,531,6.576701e+00
BACA,16,9,532,6.523310e+00
BACA,16,9,533,6.473437e+00
BACA,16,9,534,6.368264e+00
BACA,16,9,535,6.401033e+00
BACA,16,9,536,6.417281e+00
BACA,16,9,537,6.524080e+00
BACA,16,9,538,6.406442e+00
BACA,16,9,539,6.545777e+00
BACA,16,9,540,6.562901e+00
BACA,16,9,541,6.567967e+00
BACA,16,9,542,6.586649e+00
BACA,16,9,543,6.600816e+00
BACA,16,9,544,6.577268e+00
BACA,16,9,545,6.499548e+00
BACA,16,9,546,6.378424e+00
BACA,16,9,547,6.305937e+00
BACA,16,9,548,6.200274e+00
BACA,16,9,549,6.138959e+00
BACA,16,9,550,6.017404e+00
BACA,16,9,551,6.008860e+00
BACA,16,9,552,5.894812e+00
BACA,16,9,553,5.898872e+00
BACA,16,9,554,5.845436e+00
BACA,16,9,555,5.783866e+00
BACA,16,9,556,5.857648e+00
BACA,16,9,557,5.786875e+00
BACA,16,9,558,5.879433e+00
BACA,16,9,559,5.914373e+00
BACA,16,9,560,5.845795e+00
BACA,16,9,561,5.955440e+00
BACA,16,9,562,5.895523e+00
BACA,16,9,563,5.781584e+00
BACA,16,9,564,5.707446e+00
BACA,16,9,565,5.752376e+00
BACA,16,9,566,5.977508e+00
BACA,16,9,567,5.990788e+00
BACA,16,9,568,6.076098e+00
BACA,16,9,569,5.970982e+00
BACA,16,9,570,5.856668e+00
BACA,16,9,571,5.810587e+00
BACA,16,9,572,5.745008e+00
BACA,16,9,573,5.685753e+00
BACA,16,9,574,5.755578e+00
BACA,16,9,575,5.723117e+00
BACA,16,9,576,5.683336e+00
BACA,16,9,577,5.343045e+00
BACA,16,9,578,5.267837e+00
BACA,16,9,579,5.313257e+00
BACA,16,9,580,5.322343e+00
BACA,16,9,581,5.325953e+00
BACA,16,9,582,5.329833e+00
BACA,16,9,583,5.299501e+00
BACA,16,9,584,5.212357e+00
BACA,16,9,585,5.158428e+00
BACA,16,9,586,5.211818e+00
BACA,16,9,587,5.313122e+00
BACA,16,9,588,5.269910e+00
BACA,16,9,589,5.238063e+00
BACA,16,9,590,5.241384e+00
BACA,16,9,591,5.132548e+00
BACA,16,9,592,5.072515e+00
BACA,16,9,593,4.950250e+00
BACA,16,9,594,4.951625e+00
BACA,16,9,595,4.920184e+00
BACA,16,9,596,4.989700e+00
BACA,16,9,597,4.982597e+00
BACA,16,9,598,4.943785e+00
BACA,16,9,599,4.938712e+00
BACA,16,9,600,4.933064e+00
BACA,16,9,601,4.947268e+00
BACA,16,9,602,5.067550e+00
BACA,16,9,603,5.113768e+00
BACA,16,9,604,5.033821e+00
BACA,16,9,605,4.989046e+00
BACA,16,9,606,4.932696e+00
BACA,16,9,607,4.827292e+00
BACA,16,9,608,4.851212e+00
BACA,16,9,609,4.789013e+00
BACA,16,9,610,4.771147e+00
BACA,16,9,611,4.760531e+00
BACA,16,9,612,4.713929e+00
BACA,16,9,613,4.724714e+00
BACA,16,9,614,4.597869e+00
BACA,16,9,615,4.550563e+00
BACA,16,9,616,4.371413e+00
BACA,16,9,617,4.360427e+00
BACA,16,9,618,4.393302e+00
BACA,16,9,619,4.301528e+00
BACA,16,9,620,4.289031e+00
BACA,16,9,621,4.479736e+00
BACA,16,9,622,4.534829e+00
BACA,16,9,623,4.468493e+00
BACA,16,9,624,4.450908e+00
BACA,16,9,625,4.436386e+00
BACA,16,9,626,4.394707e+00
BACA,16,9,627,4.390629e+00
BACA,16,9,628,4.413562e+00
BACA,16,9,629,4.405949e+00
BACA,16,9,630,4.409312e+00
BACA,16,9,631,4.877495e+00
BACA,16,9,632,4.827283e+00
BACA,16,9,633,4.795311e+00
BACA,16,9,634,4.558551e+00
BACA,16,9,635,4.627961e+00
BACA,16,9,636,4.529121e+00
BACA,16,9,637,4.493130e+00
BACA,16,9,638,4.381142e+00
BACA,16,9,639,4.399146e+00
BACA,16,9,640,3.952817e+00
BACA,16,9,641,3.905442e+00
BACA,16,9,642,3.818316e+00
BACA,16,9,643,3.852479e+00
BACA,16,9,644,3.794028e+00
BACA,16,9,645,3.826131e+00
BACA,16,9,646,3.824908e+00
BACA,16,9,647,3.785851e+00
BACA,16,9,648,3.744309e+00
BACA,16,9,649,3.747751e+00
BACA,16,9,650,3.684196e+00
BACA,16,9,651,3.673399e+00
BACA,16,9,652,3.706658e+00
BACA,16,9,653,3.742178e+00
BACA,16,9,654,3.724802e+00
BACA,16,9,655,3.701380e+00
BACA,16,9,656,3.783005e+00
BACA,16,9,657,3.781600e+00
BACA,16,9,658,3.685084e+00
BACA,16,9,659,3.697651e+00
BACA,16,9,660,3.644815e+00
BACA,16,9,661,3.705530e+00
BACA,16,9,662,3.693948e+00
BACA,16,9,663,3.671675e+00
BACA,16,9,664,3.585869e+00
BACA,16,9,665,3.569868e+00
BACA,16,9,666,3.458923e+00
BACA,16,9,667,3.444830e+00
BACA,16,9,668,3.332226e+00
BACA,16,9,669,3.329485e+00
BACA,16,9,670,3.309795e+00
BACA,16,9,671,3.326651e+00
BACA,16,9,672,3.340018e+00
BACA,16,9,673,3.328672e+00
BACA,16,9,674,3.330673e+00
BACA,16,9,675,3.297488e+00
BACA,16,9,676,3.287582e+00
BACA,16,9,677,3.275157e+00
BACA,16,9,678,3.226748e+00
BACA,16,9,679,3.221805e+00
BACA,16,9,680,3.205090e+00
BACA,16,9,681,3.197010e+00
BACA,16,9,682,3.200048e+00
BACA,16,9,683,3.190831e+00
BACA,16,9,684,3.173064e+00
BACA,16,9,685,3.116054e+00
BACA,16,9,686,3.096371e+00
BACA,16,9,687,3.058863e+00
BACA,16,9,688,2.997189e+00
BACA,16,9,689,2.937250e+00
BACA,16,9,690,3.002883e+00
BACA,16,9,691,3.090391e+00
BACA,16,9,692,3.155381e+00
BACA,16,9,693,3.121649e+00
BACA,16,9,694,3.141568e+00
BACA,16,9,695,3.136888e+00
BACA,16,9,696,3.104287e+00
BACA,16,9,697,3.104135e+00
BACA,16,9,698,3.069864e+00
BACA,16,9,699,3.058123e+00
BACA,16,9,700,2.937428e+00
BACA,16,9,701,2.929065e+00
BACA,16,9,702,2.953145e+00
BACA,16,9,703,2.946658e+00
BACA,16,9,704,2.964087e+00
BACA,16,9,705,2.928505e+00
BACA,16,9,706,2.982732e+00
BACA,16,9,707,2.999219e+00
BACA,16,9,708,3.036012e+00
BACA,16,9,709,3.064295e+00
BACA,16,9,710,3.015413e+00
BACA,16,9,711,2.980198e+00
BACA,16,9,712,2.978826e+00
BACA,16,9,713,2.902996e+00
BACA,16,9,714,2.809949e+00
BACA,16,9,715,2.687059e+00
BACA,16,9,716,2.668946e+00
BACA,16,9,717,2.664199e+00
BACA,16,9,718,2.716229e+00
BACA,16,9,719,2.747940e+00
BACA,16,9,720,2.737941e+00
BACA,16,9,721,2.664431e+00
BACA,16,9,722,2.642254e+00
BACA,16,9,723,2.572192e+00
BACA,16,9,724,2.533303e+00
BACA,16,9,725,2.504311e+00
BACA,16,9,726,2.448652e+00
BACA,16,9,727,2.431464e+00
BACA,16,9,728,2.390021e+00
BACA,16,9,729,2.356601e+00
BACA,16,9,730,2.357253e+00
BACA,16,9,731,2.321107e+00
BACA,16,9,732,2.292876e+00
BACA,16,9,733,2.292173e+00
BACA,16,9,734,2.289235e+00
BACA,16,9,735,2.257508e+00
BACA,16,9,736,2.271253e+00
BACA,16,9,737,2.253646e+00
BACA,16,9,738,2.232740e+00
BACA,16,9,739,2.236578e+00
BACA,16,9,740,2.191317e+00
BACA,16,9,741,2.174677e+00
BACA,16,9,742,2.159792e+00
BACA,16,9,743,2.165055e+00
BACA,16,9,744,2.138050e+00
BACA,16,9,745,2.093115e+00
BACA,16,9,746,2.052110e+00
BACA,16,9,747,2.017954e+00
BACA,16,9,748,2.023638e+00
BACA,16,9,749,1.993510e+00
BACA,16,9,750,1.952686e+00
BACA,16,9,751,1.933738e+00
BACA,16,9,752,1.921638e+00
BACA,16,9,753,1.912905e+00
BACA,16,9,754,1.903861e+00
BACA,16,9,755,1.921615e+00
BACA,16,9,756,1.919931e+00
BACA,16,9,757,1.863301e+00
BACA,16,9,758,1.883342e+00
BACA,16,9,759,1.855081e+00
BACA,16,9,760,1.876568e+00
BACA,16,9,761,1.843275e+00
BACA,16,9,762,1.839548e+00
BACA,16,9,763,1.868796e+00
BACA,16,9,764,1.826092e+00
BACA,16,9,765,1.772637e+00
BACA,16,9,766,1.752490e+00
BACA,16,9,767,1.733836e+00
BACA,16,9,768,1.716156e+00
BACA,16,9,769,1.716461e+00
BACA,16,9,770,1.648425e+00
BACA,16,9,771,1.659670e+00
BACA,16,9,772,1.619886e+00
BACA,16,9,773,1.608966e+00
BACA,16,9,774,1.603165e+00
BACA,16,9,775,1.578103e+00
BACA,16,9,776,1.583005e+00
BACA,16,9,777,1.588379e+00
BACA,16,9,778,1.570493e+00
BACA,16,9,779,1.557508e+00
BACA,16,9,780,1.552543e+00
BACA,16,9,781,1.546101e+00
BACA,16,9,782,1.552690e+00
BACA,16,9,783,1.571287e+00
BACA,16,9,784,1.547239e+00
BACA,16,9,785,1.544562e+00
BACA,16,9,786,1.526037e+00
BACA,16,9,787,1.511246e+00
BACA,16,9,788,1.503898e+00
BACA,16,9,789,1.495189e+00
BACA,16,9,790,1.529370e+00
BACA,16,9,791,1.526189e+00
BACA,16,9,792,1.525028e+00
BACA,16,9,793,1.535469e+00
BACA,16,9,794,1.532074e+00
BACA,16,9,795,1.489347e+00
BACA,16,9,796,1.454957e+00
BACA,16,9,797,1.424485e+00
BACA,16,9,798,1.425898e+00
BACA,16,9,799,1.401966e+00
BACA,16,9,800,1.377837e+00
BACA,16,9,801,1.378083e+00
BACA,16,9,802,1.331426e+00
BACA,16,9,803,1.324974e+00
BACA,16,9,804,1.319072e+00
BACA,16,9,805,1.295126e+00
BACA,16,9,806,1.282345e+00
BACA,16,9,807,1.294848e+00
BACA,16,9,808,1.311112e+00
BACA,16,9,809,1.302129e+00
BACA,16,9,810,1.290085e+00
BACA,16,9,811,1.281716e+00
BACA,16,9,812,1.285458e+00
BACA,16,9,813,1.280812e+00
BACA,16,9,814,1.359362e+00
BACA,16,9,815,1.283350e+00
BACA,16,9,816,1.305812e+00
BACA,16,9,817,1.290733e+00
BACA,16,9,818,1.256174e+00
BACA,16,9,819,1.248198e+00
BACA,16,9,820,1.255562e+00
BACA,16,9,821,1.222808e+00
BACA,16,9,822,1.208087e+00
BACA,16,9,823,1.184981e+00
BACA,16,9,824,1.153110e+00
BACA,16,9,825,1.149783e+00
BACA,16,9,826,1.114869e+00
BACA,16,9,827,1.116724e+00
BACA,16,9,828,1.101698e+00
BACA,16,9,829,1.099405e+00
BACA,16,9,830,1.086867e+00
BACA,16,9,831,1.083893e+00
BACA,16,9,832,1.065846e+00
BACA,16,9,833,1.045276e+00
BACA,16,9,834,1.033840e+00
BACA,16,9,835,1.017366e+00
BACA,16,9,836,1.041330e+00
BACA,16,9,837,1.031052e+00
BACA,16,9,838,1.002388e+00
BACA,16,9,839,1.019308e+00
BACA,16,9,840,1.013307e+00
BACA,16,9,841,9.971208e-01
BACA,16,9,842,9.585257e-01
BACA,16,9,843,9.316095e-01
BACA,16,9,844,8.783958e-01
BACA,16,9,845,8.625310e-01
BACA,16,9,846,8.748022e-01
BACA,16,9,847,8.643665e-01
BACA,16,9,848,8.591278e-01
BACA,16,9,849,8.578272e-01
BACA,16,9,850,8.176482e-01
BACA,16,9,851,7.906203e-01
BACA,16,9,852,7.748996e-01
BACA,16,9,853,7.590214e-01
BACA,16,9,854,7.456809e-01
BACA,16,9,855,7.581889e-01
BACA,16,9,856,7.505254e-01
BACA,16,9,857,7.413259e-01
BACA,16,9,858,7.366206e-01
BACA,16,9,859,7.225111e-01
BACA,16,9,860,7.172203e-01
BACA,16,9,861,6.810042e-01
BACA,16,9,862,6.814513e-01
BACA,16,9,863,6.860072e-01
BACA,16,9,864,6.646082e-01
BACA,16,9,865,6.554215e-01
BACA,16,9,866,6.401217e-01
BACA,16,9,867,6.276939e-01
BACA,16,9,868,6.214251e-01
BACA,16,9,869,6.167749e-01
BACA,16,9,870,6.320556e-01
BACA,16,9,871,6.357951e-01
BACA,16,9,872,6.186844e-01
BACA,16,9,873,6.054020e-01
BACA,16,9,874,6.099564e-01
BACA,16,9,875,5.931621e-01
BACA,16,9,876,5.903625e-01
BACA,16,9,877,6.120077e-01
BACA,16,9,878,5.967576e-01
BACA,16,9,879,5.982002e-01
BACA,16,9,880,5.974870e-01
BACA,16,9,881,5.968069e-01
BACA,16,9,882,5.846849e-01
BACA,16,9,883,5.769060e-01
BACA,16,9,884,5.614281e-01
BACA,16,9,885,5.582540e-01
BACA,16,9,886,5.581935e-01
BACA,16,9,887,5.515982e-01
BACA,16,9,888,4.761005e-01
BACA,16,9,889,4.620563e-01
BACA,16,9,890,4.516173e-01
BACA,16,9,891,4.426207e-01
BACA,16,9,892,4.389591e-01
BACA,16,9,893,4.344035e-01
BACA,16,9,894,4.322336e-01
BACA,16,9,895,4.295967e-01
BACA,16,9,896,4.239507e-01
BACA,16,9,897,4.150622e-01
BACA,16,9,898,4.063106e-01
BACA,16,9,899,4.206161e-01
BACA,16,9,900,4.172425e-01
BACA,16,9,901,4.085681e-01
BACA,16,9,902,4.042000e-01
BACA,16,9,903,4.071189e-01
BACA,16,9,904,3.905286e-01
BACA,16,9,905,3.864693e-01
BACA,16,9,906,3.805138e-01
BACA,16,9,907,3.864928e-01
BACA,16,9,908,3.696148e-01
BACA,16,9,909,3.651780e-01
BACA,16,9,910,3.597746e-01
BACA,16,9,911,3.541969e-01
BACA,16,9,912,3.530298e-01
BACA,16,9,913,3.492910e-01
BACA,16,9,914,3.437188e-01
BACA,16,9,915,3.391137e-01
BACA,16,9,916,3.296402e-01
BACA,16,9,917,2.868103e-01
BACA,16,9,918,2.831437e-01
BACA,16,9,919,2.900224e-01
BACA,16,9,920,2.838669e-01
BACA,16,9,921,2.815455e-01
BACA,16,9,922,2.737780e-01
BACA,16,9,923,2.682577e-01
BACA,16,9,924,2.681164e-01
BACA,16,9,925,2.658336e-01
BACA,16,9,926,2.690058e-01
BACA,16,9,927,2.771948e-01
BACA,16,9,928,2.765999e-01
BACA,16,9,929,2.730647e-01
BACA,16,9,930,2.626547e-01
BACA,16,9,931,2.598740e-01
BACA,16,9,932,2.603398e-01
BACA,16,9,933,2.533347e-01
BACA,16,9,934,2.494188e-01
BACA,16,9,935,2.464608e-01
BACA,16,9,936,2.349862e-01
BACA,16,9,937,2.175475e-01
BACA,16,9,938,2.120382e-01
BACA,16,9,939,2.043851e-01
BACA,16,9,940,2.055699e-01
BACA,16,9,941,1.991100e-01
BACA,16,9,942,1.915203e-01
BACA,16,9,943,1.862615e-01
BACA,16,9,944,1.865468e-01
BACA,16,9,945,1.822236e-01
BACA,16,9,946,1.754610e-01
BACA,16,9,947,1.745764e-01
BACA,16,9,948,1.713276e-01
BACA,16,9,949,1.683212e-01
BACA,16,9,950,1.645815e-01
BACA,16,9,951,1.616921e-01
BACA,16,9,952,1.582880e-01
BACA,16,9,953,1.559937e-01
BACA,16,9,954,1.474381e-01
BACA,16,9,955,1.396281e-01
BACA,16,9,956,1.449906e-01
BACA,16,9,957,1.325194e-01
BACA,16,9,958,1.264176e-01
BACA,16,9,959,1.233927e-01
BACA,16,9,960,1.125099e-01
BACA,16,9,961,1.126250e-01
BACA,16,9,962,1.047005e-01
BACA,16,9,963,1.002145e-01
BACA,16,9,964,9.880581e-02
BACA,16,9,965,9.618465e-02
BACA,16,9,966,9.077949e-02
BACA,16,9,967,8.808556e-02
BACA,16,9,968,8.387437e-02
BACA,16,9,969,7.866774e-02
BACA,16,9,970,7.685305e-02
BACA,16,9,971,7.158564e-02
BACA,16,9,972,7.485718e-02
BACA,16,9,973,6.815768e-02
BACA,16,9,974,6.963750e-02
BACA,16,9,975,5.471757e-02
BACA,16,9,976,5.167091e-02
BACA,16,9,977,4.826270e-02
BACA,16,9,978,4.661553e-02
BACA,16,9,979,4.358991e-02
BACA,16,9,980,3.436828e-02
BACA,16,9,981,2.986179e-02
BACA,16,9,982,2.687994e-02
BACA,16,9,983,2.433267e-02
BACA,16,9,984,2.226749e-02
BACA,16,9,985,2.204653e-02
BACA,16,9,986,2.249779e-02
BACA,16,9,987,2.092382e-02
BACA,16,9,988,1.897209e-02
BACA,16,9,989,1.801342e-02
BACA,16,9,990,1.360324e-02
BACA,16,9,991,1.216882e-02
BACA,16,9,992,1.638335e-03
BACA,32,8,1,1.022619e+02
BACA,32,8,2,1.018851e+02
BACA,32,8,3,1.011937e+02
BACA,32,8,4,1.021940e+02
BACA,32,8,5,1.013720e+02
BACA,32,8,6,9.877097e+01
BACA,32,8,7,9.762231e+01
BACA,32,8,8,9.805597e+01
BACA,32,8,9,9.803205e+01
BACA,32,8,10,9.685952e+01
BACA,32,8,11,9.209109e+01
BACA,32,8,12,8.999037e+01
BACA,32,8,13,8.953203e+01
BACA,32,8,14,8.891516e+01
BACA,32,8,15,8.577327e+01
BACA,32,8,16,8.493855e+01
BACA,32,8,17,8.252822e+01
BACA,32,8,18,8.100551e+01
BACA,32,8,19,8.033821e+01
BACA,32,8,20,7.890813e+01
BACA,32,8,21,7.758204e+01
BACA,32,8,22,7.537428e+01
BACA,32,8,23,7.509398e+01
BACA,32,8,24,7.521988e+01
BACA,32,8,25,7.402684e+01
BACA,32,8,26,6.811087e+01
BACA,32,8,27,6.802036e+01
BACA,32,8,28,6.732059e+01
BACA,32,8,29,6.729132e+01
BACA,32,8,30,6.567270e+01
BACA,32,8,31,6.082149e+01
BACA,32,8,32,6.054162e+01
BACA,32,8,33,6.055308e+01
BACA,32,8,34,6.036292e+01
BACA,32,8,35,6.031432e+01
BACA,32,8,36,5.780303e+01
BACA,32,8,37,5.673494e+01
BACA,32,8,38,5.671525e+01
BACA,32,8,39,5.616544e+01
BACA,32,8,40,5.597413e+01
BACA,32,8,41,5.508383e+01
BACA,32,8,42,5.450094e+01
BACA,32,8,43,5.433979e+01
BACA,32,8,44,5.425629e+01
BACA,32,8,45,5.421710e+01
BACA,32,8,46,5.421251e+01
BACA,32,8,47,5.432186e+01
BACA,32,8,48,5.431916e+01
BACA,32,8,49,5.423728e+01
BACA,32,8,50,5.376544e+01
BACA,32,8,51,5.377814e+01
BACA,32,8,52,5.342636e+01
BACA,32,8,53,5.252326e+01
BACA,32,8,54,4.937121e+01
BACA,32,8,55,4.977206e+01
BACA,32,8,56,4.951731e+01
BACA,32,8,57,4.829213e+01
BACA,32,8,58,4.770753e+01
BACA,32,8,59,4.764939e+01
BACA,32,8,60,4.757799e+01
BACA,32,8,61,4.740328e+01
BACA,32,8,62,4.737028e+01
BACA,32,8,63,4.607073e+01
BACA,32,8,64,4.597589e+01
BACA,32,8,65,4.610668e+01
BACA,32,8,66,4.583844e+01
BACA,32,8,67,4.573955e+01
BACA,32,8,68,4.494888e+01
BACA,32,8,69,4.488319e+01
BACA,32,8,70,4.474906e+01
BACA,32,8,71,4.436769e+01
BACA,32,8,72,4.470666e+01
BACA,32,8,73,4.459772e+01
BACA,32,8,74,4.417331e+01
BACA,32,8,75,4.371850e+01
BACA,32,8,76,4.349953e+01
BACA,32,8,77,4.319309e+01
BACA,32,8,78,4.308357e+01
BACA,32,8,79,4.266968e+01
BACA,32,8,80,4.222981e+01
BACA,32,8,81,4.201153e+01
BACA,32,8,82,4.163150e+01
BACA,32,8,83,4.130939e+01
BACA,32,8,84,4.115190e+01
BACA,32,8,85,4.078649e+01
BACA,32,8,86,4.048629e+01
BACA,32,8,87,3.970911e+01
BACA,32,8,88,3.936474e+01
BACA,32,8,89,3.848802e+01
BACA,32,8,90,3.817195e+01
BACA,32,8,91,3.818384e+01
BACA,32,8,92,3.800223e+01
BACA,32,8,93,3.786454e+01
BACA,32,8,94,3.761953e+01
BACA,32,8,95,3.733511e+01
BACA,32,8,96,3.696882e+01
BACA,32,8,97,3.680634e+01
BACA,32,8,98,3.594241e+01
BACA,32,8,99,3.589903e+01
BACA,32,8,100,3.569370e+01
BACA,32,8,101,3.567362e+01
BACA,32,8,102,3.547613e+01
BACA,32,8,103,3.544110e+01
BACA,32,8,104,3.519666e+01
BACA,32,8,105,3.515827e+01
BACA,32,8,106,3.504578e+01
BACA,32,8,107,3.500707e+01
BACA,32,8,108,3.469978e+01
BACA,32,8,109,3.455740e+01
BACA,32,8,110,3.416845e+01
BACA,32,8,111,3.407548e+01
BACA,32,8,112,3.397071e+01
BACA,32,8,113,3.373937e+01
BACA,32,8,114,3.342359e+01
BACA,32,8,115,3.317427e+01
BACA,32,8,116,3.255658e+01
BACA,32,8,117,3.230236e+01
BACA,32,8,118,3.223684e+01
BACA,32,8,119,3.197498e+01
BACA,32,8,120,3.186738e+01
BACA,32,8,121,3.184509e+01
BACA,32,8,122,3.171920e+01
BACA,32,8,123,3.180781e+01
BACA,32,8,124,3.178395e+01
BACA,32,8,125,3.170995e+01
BACA,32,8,126,3.153550e+01
BACA,32,8,127,3.146228e+01
BACA,32,8,128,3.132100e+01
BACA,32,8,129,3.080522e+01
BACA,32,8,130,3.070761e+01
BACA,32,8,131,3.032474e+01
BACA,32,8,132,2.982798e+01
BACA,32,8,133,2.943086e+01
BACA,32,8,134,2.913050e+01
BACA,32,8,135,2.903508e+01
BACA,32,8,136,2.898485e+01
BACA,32,8,137,2.899925e+01
BACA,32,8,138,2.798315e+01
BACA,32,8,139,2.794987e+01
BACA,32,8,140,2.794831e+01
BACA,32,8,141,2.795198e+01
BACA,32,8,142,2.769129e+01
BACA,32,8,143,2.758885e+01
BACA,32,8,144,2.724585e+01
BACA,32,8,145,2.705695e+01
BACA,32,8,146,2.702662e+01
BACA,32,8,147,2.699140e+01
BACA,32,8,148,2.686371e+01
BACA,32,8,149,2.680550e+01
BACA,32,8,150,2.660821e+01
BACA,32,8,151,2.658690e+01
BACA,32,8,152,2.659281e+01
BACA,32,8,153,2.656632e+01
BACA,32,8,154,2.614949e+01
BACA,32,8,155,2.591224e+01
BACA,32,8,156,2.587414e+01
BACA,32,8,157,2.581463e+01
BACA,32,8,158,2.571743e+01
BACA,32,8,159,2.549494e+01
BACA,32,8,160,2.548380e+01
BACA,32,8,161,2.544628e+01
BACA,32,8,162,2.533258e+01
BACA,32,8,163,2.535546e+01
BACA,32,8,164,2.526383e+01
BACA,32,8,165,2.515468e+01
BACA,32,8,166,2.504078e+01
BACA,32,8,167,2.529635e+01
BACA,32,8,168,2.525164e+01
BACA,32,8,169,2.512809e+01
BACA,32,8,170,2.490914e+01
BACA,32,8,171,2.481023e+01
BACA,32,8,172,2.491097e+01
BACA,32,8,173,2.493997e+01
BACA,32,8,174,2.465516e+01
BACA,32,8,175,2.463563e+01
BACA,32,8,176,2.453043e+01
BACA,32,8,177,2.378888e+01
BACA,32,8,178,2.386291e+01
BACA,32,8,179,2.381706e+01
BACA,32,8,180,2.367916e+01
BACA,32,8,181,2.364555e+01
BACA,32,8,182,2.369509e+01
BACA,32,8,183,2.367031e+01
BACA,32,8,184,2.359295e+01
BACA,32,8,185,2.344184e+01
BACA,32,8,186,2.358372e+01
BACA,32,8,187,2.354099e+01
BACA,32,8,188,2.367841e+01
BACA,32,8,189,2.334399e+01
BACA,32,8,190,2.327860e+01
BACA,32,8,191,2.344018e+01
BACA,32,8,192,2.345436e+01
BACA,32,8,193,2.339972e+01
BACA,32,8,194,2.300333e+01
BACA,32,8,195,2.284042e+01
BACA,32,8,196,2.271420e+01
BACA,32,8,197,2.270466e+01
BACA,32,8,198,2.264622e+01
BACA,32,8,199,2.229691e+01
BACA,32,8,200,2.217787e+01
BACA,32,8,201,2.209523e+01
BACA,32,8,202,2.210777e+01
BACA,32,8,203,2.210138e+01
BACA,32,8,204,2.163935e+01
BACA,32,8,205,2.159210e+01
BACA,32,8,206,2.139595e+01
BACA,32,8,207,2.136261e+01
BACA,32,8,208,2.135692e+01
BACA,32,8,209,2.149670e+01
BACA,32,8,210,2.146304e+01
BACA,32,8,211,2.140314e+01
BACA,32,8,212,2.136915e+01
BACA,32,8,213,2.114976e+01
BACA,32,8,214,2.111229e+01
BACA,32,8,215,2.115851e+01
BACA,32,8,216,2.115746e+01
BACA,32,8,217,2.097406e+01
BACA,32,8,218,2.102456e+01
BACA,32,8,219,2.099613e+01
BACA,32,8,220,2.078488e+01
BACA,32,8,221,2.076362e+01
BACA,32,8,222,2.091914e+01
BACA,32,8,223,2.092737e+01
BACA,32,8,224,2.074489e+01
BACA,32,8,225,2.064411e+01
BACA,32,8,226,2.048514e+01
BACA,32,8,227,2.034524e+01
BACA,32,8,228,2.036385e+01
BACA,32,8,229,2.031572e+01
BACA,32,8,230,2.029354e+01
BACA,32,8,231,1.994549e+01
BACA,32,8,232,1.964479e+01
BACA,32,8,233,1.962820e+01
BACA,32,8,234,1.952282e+01
BACA,32,8,235,1.932424e+01
BACA,32,8,236,1.936920e+01
BACA,32,8,237,1.915924e+01
BACA,32,8,238,1.896978e+01
BACA,32,8,239,1.892751e+01
BACA,32,8,240,1.878330e+01
BACA,32,8,241,1.868221e+01
BACA,32,8,242,1.903830e+01
BACA,32,8,243,1.900706e+01
BACA,32,8,244,1.901968e+01
BACA,32,8,245,1.918365e+01
BACA,32,8,246,1.909421e+01
BACA,32,8,247,1.899610e+01
BACA,32,8,248,1.895590e+01
BACA,32,8,249,1.880275e+01
BACA,32,8,250,1.848066e+01
BACA,32,8,251,1.841307e+01
BACA,32,8,252,1.841059e+01
BACA,32,8,253,1.768221e+01
BACA,32,8,254,1.738151e+01
BACA,32,8,255,1.741355e+01
BACA,32,8,256,1.738320e+01
BACA,32,8,257,1.734278e+01
BACA,32,8,258,1.729169e+01
BACA,32,8,259,1.725987e+01
BACA,32,8,260,1.708568e+01
BACA,32,8,261,1.669894e+01
BACA,32,8,262,1.634207e+01
BACA,32,8,263,1.626585e+01
BACA,32,8,264,1.623541e+01
BACA,32,8,265,1.617299e+01
BACA,32,8,266,1.609429e+01
BACA,32,8,267,1.590771e+01
BACA,32,8,268,1.589828e+01
BACA,32,8,269,1.606686e+01
BACA,32,8,270,1.603905e+01
BACA,32,8,271,1.570947e+01
BACA,32,8,272,1.561341e+01
BACA,32,8,273,1.553283e+01
BACA,32,8,274,1.547255e+01
BACA,32,8,275,1.518028e+01
BACA,32,8,276,1.498010e+01
BACA,32,8,277,1.499131e+01
BACA,32,8,278,1.481526e+01
BACA,32,8,279,1.475375e+01
BACA,32,8,280,1.470256e+01
BACA,32,8,281,1.455298e+01
BACA,32,8,282,1.428225e+01
BACA,32,8,283,1.437811e+01
BACA,32,8,284,1.433209e+01
BACA,32,8,285,1.421278e+01
BACA,32,8,286,1.418764e+01
BACA,32,8,287,1.413192e+01
BACA,32,8,288,1.415502e+01
BACA,32,8,289,1.416934e+01
BACA,32,8,290,1.433280e+01
BACA,32,8,291,1.428766e+01
BACA,32,8,292,1.437021e+01
BACA,32,8,293,1.430170e+01
BACA,32,8,294,1.435356e+01
BACA,32,8,295,1.422743e+01
BACA,32,8,296,1.408696e+01
BACA,32,8,297,1.401550e+01
BACA,32,8,298,1.365147e+01
BACA,32,8,299,1.355233e+01
BACA,32,8,300,1.351842e+01
BACA,32,8,301,1.347166e+01
BACA,32,8,302,1.339013e+01
BACA,32,8,303,1.325837e+01
BACA,32,8,304,1.313318e+01
BACA,32,8,305,1.311494e+01
BACA,32,8,306,1.311097e+01
BACA,32,8,307,1.291139e+01
BACA,32,8,308,1.271470e+01
BACA,32,8,309,1.247836e+01
BACA,32,8,310,1.255572e+01
BACA,32,8,311,1.273723e+01
BACA,32,8,312,1.274755e+01
BACA,32,8,313,1.283222e+01
BACA,32,8,314,1.281766e+01
BACA,32,8,315,1.280041e+01
BACA,32,8,316,1.277184e+01
BACA,32,8,317,1.281244e+01
BACA,32,8,318,1.278671e+01
BACA,32,8,319,1.276680e+01
BACA,32,8,320,1.266521e+01
BACA,32,8,321,1.265191e+01
BACA,32,8,322,1.276776e+01
BACA,32,8,323,1.280534e+01
BACA,32,8,324,1.268964e+01
BACA,32,8,325,1.263964e+01
BACA,32,8,326,1.237046e+01
BACA,32,8,327,1.234087e+01
BACA,32,8,328,1.219418e+01
BACA,32,8,329,1.212258e+01
BACA,32,8,330,1.207359e+01
BACA,32,8,331,1.198018e+01
BACA,32,8,332,1.205870e+01
BACA,32,8,333,1.197055e+01
BACA,32,8,334,1.193382e+01
BACA,32,8,335,1.191392e+01
BACA,32,8,336,1.187933e+01
BACA,32,8,337,1.182109e+01
BACA,32,8,338,1.170117e+01
BACA,32,8,339,1.168760e+01
BACA,32,8,340,1.165353e+01
BACA,32,8,341,1.170569e+01
BACA,32,8,342,1.164909e+01
BACA,32,8,343,1.179415e+01
BACA,32,8,344,1.171801e+01
BACA,32,8,345,1.163910e+01
BACA,32,8,346,1.161623e+01
BACA,32,8,347,1.156865e+01
BACA,32,8,348,1.153072e+01
BACA,32,8,349,1.140782e+01
BACA,32,8,350,1.145820e+01
BACA,32,8,351,1.133485e+01
BACA,32,8,352,1.130608e+01
BACA,32,8,353,1.140370e+01
BACA,32,8,354,1.131585e+01
BACA,32,8,355,1.126416e+01
BACA,32,8,356,1.130309e+01
BACA,32,8,357,1.122822e+01
BACA,32,8,358,1.119521e+01
BACA,32,8,359,1.115738e+01
BACA,32,8,360,1.156755e+01
BACA,32,8,361,1.205024e+01
BACA,32,8,362,1.212128e+01
BACA,32,8,363,1.210169e+01
BACA,32,8,364,1.205318e+01
BACA,32,8,365,1.199126e+01
BACA,32,8,366,1.184844e+01
BACA,32,8,367,1.183625e+01
BACA,32,8,368,1.182790e+01
BACA,32,8,369,1.184948e+01
BACA,32,8,370,1.187289e+01
BACA,32,8,371,1.184977e+01
BACA,32,8,372,1.169902e+01
BACA,32,8,373,1.171610e+01
BACA,32,8,374,1.141374e+01
BACA,32,8,375,1.117700e+01
BACA,32,8,376,1.119156e+01
BACA,32,8,377,1.110081e+01
BACA,32,8,378,1.099362e+01
BACA,32,8,379,1.096591e+01
BACA,32,8,380,1.078714e+01
BACA,32,8,381,1.080753e+01
BACA,32,8,382,1.070939e+01
BACA,32,8,383,1.091283e+01
BACA,32,8,384,1.069539e+01
BACA,32,8,385,1.068395e+01
BACA,32,8,386,1.066378e+01
BACA,32,8,387,1.009830e+01
BACA,32,8,388,1.006886e+01
BACA,32,8,389,1.008430e+01
BACA,32,8,390,1.007345e+01
BACA,32,8,391,1.002431e+01
BACA,32,8,392,9.978841e+00
BACA,32,8,393,9.995609e+00
BACA,32,8,394,9.974555e+00
BACA,32,8,395,9.861447e+00
BACA,32,8,396,9.684401e+00
BACA,32,8,397,9.682645e+00
BACA,32,8,398,9.641936e+00
BACA,32,8,399,9.591255e+00
BACA,32,8,400,9.678491e+00
BACA,32,8,401,9.669489e+00
BACA,32,8,402,9.653687e+00
BACA,32,8,403,9.705990e+00
BACA,32,8,404,9.731041e+00
BACA,32,8,405,9.654169e+00
BACA,32,8,406,9.595697e+00
BACA,32,8,407,9.536006e+00
BACA,32,8,408,9.514424e+00
BACA,32,8,409,9.428116e+00
BACA,32,8,410,9.411789e+00
BACA,32,8,411,9.414835e+00
BACA,32,8,412,9.502547e+00
BACA,32,8,413,9.475704e+00
BACA,32,8,414,9.455660e+00
BACA,32,8,415,9.377215e+00
BACA,32,8,416,9.324338e+00
BACA,32,8,417,9.305615e+00
BACA,32,8,418,9.322583e+00
BACA,32,8,419,9.331909e+00
BACA,32,8,420,9.300888e+00
BACA,32,8,421,9.319340e+00
BACA,32,8,422,9.340442e+00
BACA,32,8,423,9.299586e+00
BACA,32,8,424,9.314979e+00
BACA,32,8,425,9.376021e+00
BACA,32,8,426,9.182353e+00
BACA,32,8,427,9.238210e+00
BACA,32,8,428,9.195892e+00
BACA,32,8,429,9.323953e+00
BACA,32,8,430,9.334899e+00
BACA,32,8,431,9.256822e+00
BACA,32,8,432,9.288175e+00
BACA,32,8,433,9.444345e+00
BACA,32,8,434,9.490947e+00
BACA,32,8,435,9.351535e+00
BACA,32,8,436,9.647677e+00
BACA,32,8,437,9.622445e+00
BACA,32,8,438,9.512755e+00
BACA,32,8,439,9.561054e+00
BACA,32,8,440,9.561224e+00
BACA,32,8,441,9.499585e+00
BACA,32,8,442,9.512026e+00
BACA,32,8,443,9.446074e+00
BACA,32,8,444,9.448573e+00
BACA,32,8,445,9.512321e+00
BACA,32,8,446,9.499863e+00
BACA,32,8,447,9.549648e+00
BACA,32,8,448,9.482680e+00
BACA,32,8,449,9.371709e+00
BACA,32,8,450,9.338505e+00
BACA,32,8,451,9.124136e+00
BACA,32,8,452,9.087940e+00
BACA,32,8,453,9.013494e+00
BACA,32,8,454,8.920566e+00
BACA,32,8,455,8.944517e+00
BACA,32,8,456,8.978717e+00
BACA,32,8,457,8.952920e+00
BACA,32,8,458,8.939016e+00
BACA,32,8,459,8.893034e+00
BACA,32,8,460,8.658133e+00
BACA,32,8,461,8.802432e+00
BACA,32,8,462,8.724502e+00
BACA,32,8,463,8.663672e+00
BACA,32,8,464,8.688615e+00
BACA,32,8,465,8.568142e+00
BACA,32,8,466,8.581881e+00
BACA,32,8,467,8.390066e+00
BACA,32,8,468,8.131685e+00
BACA,32,8,469,7.995876e+00
BACA,32,8,470,7.951067e+00
BACA,32,8,471,7.847694e+00
BACA,32,8,472,7.849400e+00
BACA,32,8,473,7.871331e+00
BACA,32,8,474,7.937884e+00
BACA,32,8,475,8.147307e+00
BACA,32,8,476,8.092593e+00
BACA,32,8,477,8.080470e+00
BACA,32,8,478,8.022716e+00
BACA,32,8,479,8.001401e+00
BACA,32,8,480,7.966310e+00
BACA,32,8,481,7.905092e+00
BACA,32,8,482,7.888605e+00
BACA,32,8,483,7.887305e+00
BACA,32,8,484,7.767565e+00
BACA,32,8,485,7.824072e+00
BACA,32,8,486,7.841885e+00
BACA,32,8,487,7.750235e+00
BACA,32,8,488,7.819380e+00
BACA,32,8,489,7.739810e+00
BACA,32,8,490,7.846395e+00
BACA,32,8,491,7.602892e+00
BACA,32,8,492,7.559709e+00
BACA,32,8,493,7.480849e+00
BACA,32,8,494,7.379824e+00
BACA,32,8,495,7.217570e+00
BACA,32,8,496,7.237821e+00
BACA,32,8,497,7.146871e+00
BACA,32,8,498,7.354407e+00
BACA,32,8,499,7.291592e+00
BACA,32,8,500,7.133473e+00
BACA,32,8,501,7.076363e+00
BACA,32,8,502,7.062557e+00
BACA,32,8,503,7.087781e+00
BACA,32,8,504,7.064363e+00
BACA,32,8,505,6.930834e+00
BACA,32,8,506,6.961286e+00
BACA,32,8,507,6.904385e+00
BACA,32,8,508,6.808639e+00
BACA,32,8,509,6.742903e+00
BACA,32,8,510,6.666328e+00
BACA,32,8,511,6.548188e+00
BACA,32,8,512,6.353184e+00
BACA,32,8,513,6.299954e+00
BACA,32,8,514,6.276703e+00
BACA,32,8,515,6.339563e+00
BACA,32,8,516,6.294330e+00
BACA,32,8,517,6.242675e+00
BACA,32,8,518,6.248783e+00
BACA,32,8,519,6.216773e+00
BACA,32,8,520,6.251635e+00
BACA,32,8,521,6.278016e+00
BACA,32,8,522,6.302900e+00
BACA,32,8,523,6.303746e+00
BACA,32,8,524,6.278038e+00
BACA,32,8,525,6.203128e+00
BACA,32,8,526,6.108785e+00
BACA,32,8,527,6.089743e+00
BACA,32,8,528,6.013733e+00
BACA,32,8,529,6.009340e+00
BACA,32,8,530,5.948462e+00
BACA,32,8,531,5.923052e+00
BACA,32,8,532,5.901903e+00
BACA,32,8,533,5.917028e+00
BACA,32,8,534,5.934618e+00
BACA,32,8,535,6.012274e+00
BACA,32,8,536,6.152595e+00
BACA,32,8,537,6.171454e+00
BACA,32,8,538,6.162619e+00
BACA,32,8,539,6.186059e+00
BACA,32,8,540,6.749447e+00
BACA,32,8,541,6.748974e+00
BACA,32,8,542,6.841512e+00
BACA,32,8,543,6.860303e+00
BACA,32,8,544,6.799612e+00
BACA,32,8,545,6.784632e+00
BACA,32,8,546,6.727427e+00
BACA,32,8,547,6.871412e+00
BACA,32,8,548,6.729339e+00
BACA,32,8,549,6.739308e+00
BACA,32,8,550,6.722767e+00
BACA,32,8,551,6.502542e+00
BACA,32,8,552,6.581623e+00
BACA,32,8,553,6.161005e+00
BACA,32,8,554,6.039204e+00
BACA,32,8,555,6.033468e+00
BACA,32,8,556,6.004895e+00
BACA,32,8,557,6.036568e+00
BACA,32,8,558,6.122305e+00
BACA,32,8,559,5.991679e+00
BACA,32,8,560,5.804207e+00
BACA,32,8,561,5.636554e+00
BACA,32,8,562,5.648141e+00
BACA,32,8,563,5.580062e+00
BACA,32,8,564,5.540549e+00
BACA,32,8,565,5.524492e+00
BACA,32,8,566,5.436437e+00
BACA,32,8,567,5.468901e+00
BACA,32,8,568,5.480964e+00
BACA,32,8,569,5.439722e+00
BACA,32,8,570,5.428541e+00
BACA,32,8,571,5.418100e+00
BACA,32,8,572,5.385805e+00
BACA,32,8,573,5.404027e+00
BACA,32,8,574,5.431597e+00
BACA,32,8,575,5.412088e+00
BACA,32,8,576,5.389238e+00
BACA,32,8,577,5.462324e+00
BACA,32,8,578,5.487887e+00
BACA,32,8,579,5.485272e+00
BACA,32,8,580,5.493449e+00
BACA,32,8,581,5.390674e+00
BACA,32,8,582,5.356958e+00
BACA,32,8,583,5.402195e+00
BACA,32,8,584,5.396508e+00
BACA,32,8,585,5.356843e+00
BACA,32,8,586,5.340507e+00
BACA,32,8,587,5.374826e+00
BACA,32,8,588,5.365846e+00
BACA,32,8,589,5.153526e+00
BACA,32,8,590,5.116632e+00
BACA,32,8,591,5.003782e+00
BACA,32,8,592,4.914172e+00
BACA,32,8,593,4.834274e+00
BACA,32,8,594,4.790873e+00
BACA,32,8,595,4.737122e+00
BACA,32,8,596,4.755414e+00
BACA,32,8,597,4.721085e+00
BACA,32,8,598,4.729935e+00
BACA,32,8,599,4.728174e+00
BACA,32,8,600,4.731659e+00
BACA,32,8,601,4.709561e+00
BACA,32,8,602,4.665477e+00
BACA,32,8,603,4.690716e+00
BACA,32,8,604,4.668973e+00
BACA,32,8,605,4.653656e+00
BACA,32,8,606,4.585307e+00
BACA,32,8,607,4.613942e+00
BACA,32,8,608,4.448613e+00
BACA,32,8,609,4.409743e+00
BACA,32,8,610,4.357136e+00
BACA,32,8,611,4.254561e+00
BACA,32,8,612,4.314675e+00
BACA,32,8,613,4.297951e+00
BACA,32,8,614,4.256618e+00
BACA,32,8,615,4.290241e+00
BACA,32,8,616,4.365143e+00
BACA,32,8,617,4.343481e+00
BACA,32,8,618,4.350055e+00
BACA,32,8,619,4.321503e+00
BACA,32,8,620,4.301015e+00
BACA,32,8,621,4.338434e+00
BACA,32,8,622,4.420487e+00
BACA,32,8,623,4.426592e+00
BACA,32,8,624,4.411803e+00
BACA,32,8,625,4.343944e+00
BACA,32,8,626,4.236330e+00
BACA,32,8,627,4.191747e+00
BACA,32,8,628,4.164864e+00
BACA,32,8,629,4.156278e+00
BACA,32,8,630,4.110424e+00
BACA,32,8,631,4.072712e+00
BACA,32,8,632,4.092807e+00
BACA,32,8,633,3.902039e+00
BACA,32,8,634,3.825182e+00
BACA,32,8,635,3.849102e+00
BACA,32,8,636,3.802959e+00
BACA,32,8,637,3.767237e+00
BACA,32,8,638,3.747684e+00
BACA,32,8,639,3.752920e+00
BACA,32,8,640,3.730560e+00
BACA,32,8,641,3.738572e+00
BACA,32,8,642,3.752774e+00
BACA,32,8,643,3.684785e+00
BACA,32,8,644,3.691157e+00
BACA,32,8,645,3.630096e+00
BACA,32,8,646,3.591492e+00
BACA,32,8,647,3.515324e+00
BACA,32,8,648,3.483518e+00
BACA,32,8,649,3.424238e+00
BACA,32,8,650,3.405537e+00
BACA,32,8,651,3.470368e+00
BACA,32,8,652,3.414318e+00
BACA,32,8,653,3.369069e+00
BACA,32,8,654,3.362962e+00
BACA,32,8,655,3.389597e+00
BACA,32,8,656,3.387480e+00
BACA,32,8,657,3.375484e+00
BACA,32,8,658,3.361578e+00
BACA,32,8,659,3.337480e+00
BACA,32,8,660,3.350663e+00
BACA,32,8,661,3.328864e+00
BACA,32,8,662,3.292639e+00
BACA,32,8,663,3.260426e+00
BACA,32,8,664,3.199634e+00
BACA,32,8,665,3.147496e+00
BACA,32,8,666,3.132430e+00
BACA,32,8,667,3.028165e+00
BACA,32,8,668,2.996048e+00
BACA,32,8,669,2.992954e+00
BACA,32,8,670,2.965687e+00
BACA,32,8,671,2.988715e+00
BACA,32,8,672,2.988553e+00
BACA,32,8,673,2.984384e+00
BACA,32,8,674,2.994618e+00
BACA,32,8,675,2.985144e+00
BACA,32,8,676,2.983576e+00
BACA,32,8,677,2.982335e+00
BACA,32,8,678,2.988847e+00
BACA,32,8,679,2.971903e+00
BACA,32,8,680,2.969991e+00
BACA,32,8,681,2.949990e+00
BACA,32,8,682,2.943285e+00
BACA,32,8,683,2.941036e+00
BACA,32,8,684,2.864472e+00
BACA,32,8,685,2.763201e+00
BACA,32,8,686,2.711029e+00
BACA,32,8,687,2.638067e+00
BACA,32,8,688,2.638430e+00
BACA,32,8,689,2.609139e+00
BACA,32,8,690,2.582851e+00
BACA,32,8,691,2.546709e+00
BACA,32,8,692,2.584095e+00
BACA,32,8,693,2.584300e+00
BACA,32,8,694,2.548840e+00
BACA,32,8,695,2.527399e+00
BACA,32,8,696,2.510948e+00
BACA,32,8,697,2.490316e+00
BACA,32,8,698,2.497263e+00
BACA,32,8,699,2.499235e+00
BACA,32,8,700,2.490455e+00
BACA,32,8,701,2.482672e+00
BACA,32,8,702,2.447528e+00
BACA,32,8,703,2.451929e+00
BACA,32,8,704,2.451618e+00
BACA,32,8,705,2.427968e+00
BACA,32,8,706,2.405251e+00
BACA,32,8,707,2.503952e+00
BACA,32,8,708,2.524891e+00
BACA,32,8,709,2.567589e+00
BACA,32,8,710,2.575785e+00
BACA,32,8,711,2.618716e+00
BACA,32,8,712,2.736204e+00
BACA,32,8,713,2.849499e+00
BACA,32,8,714,2.868837e+00
BACA,32,8,715,2.898202e+00
BACA,32,8,716,2.898569e+00
BACA,32,8,717,2.883738e+00
BACA,32,8,718,2.827787e+00
BACA,32,8,719,2.759536e+00
BACA,32,8,720,2.778274e+00
BACA,32,8,721,2.745770e+00
BACA,32,8,722,2.641151e+00
BACA,32,8,723,2.638507e+00
BACA,32,8,724,2.667159e+00
BACA,32,8,725,2.644206e+00
BACA,32,8,726,2.581008e+00
BACA,32,8,727,2.095351e+00
BACA,32,8,728,2.109096e+00
BACA,32,8,729,2.136235e+00
BACA,32,8,730,2.163020e+00
BACA,32,8,731,2.163353e+00
BACA,32,8,732,2.161624e+00
BACA,32,8,733,2.138453e+00
BACA,32,8,734,2.118905e+00
BACA,32,8,735,2.116450e+00
BACA,32,8,736,2.123066e+00
BACA,32,8,737,2.127343e+00
BACA,32,8,738,2.092304e+00
BACA,32,8,739,2.088902e+00
BACA,32,8,740,2.088889e+00
BACA,32,8,741,2.074054e+00
BACA,32,8,742,2.070314e+00
BACA,32,8,743,2.047827e+00
BACA,32,8,744,2.056174e+00
BACA,32,8,745,2.048177e+00
BACA,32,8,746,1.973926e+00
BACA,32,8,747,1.925731e+00
BACA,32,8,748,1.877173e+00
BACA,32,8,749,1.868326e+00
BACA,32,8,750,1.876563e+00
BACA,32,8,751,1.846215e+00
BACA,32,8,752,1.868708e+00
BACA,32,8,753,1.837416e+00
BACA,32,8,754,1.816449e+00
BACA,32,8,755,1.794836e+00
BACA,32,8,756,1.769627e+00
BACA,32,8,757,1.742802e+00
BACA,32,8,758,1.734027e+00
BACA,32,8,759,1.710337e+00
BACA,32,8,760,1.706141e+00
BACA,32,8,761,1.708569e+00
BACA,32,8,762,1.710569e+00
BACA,32,8,763,1.669817e+00
BACA,32,8,764,1.615059e+00
BACA,32,8,765,1.612015e+00
BACA,32,8,766,1.605878e+00
BACA,32,8,767,1.590795e+00
BACA,32,8,768,1.611313e+00
BACA,32,8,769,1.577891e+00
BACA,32,8,770,1.566661e+00
BACA,32,8,771,1.562642e+00
BACA,32,8,772,1.546780e+00
BACA,32,8,773,1.549381e+00
BACA,32,8,774,1.537845e+00
BACA,32,8,775,1.526319e+00
BACA,32,8,776,1.511680e+00
BACA,32,8,777,1.486287e+00
BACA,32,8,778,1.479309e+00
BACA,32,8,779,1.450292e+00
BACA,32,8,780,1.425354e+00
BACA,32,8,781,1.391908e+00
BACA,32,8,782,1.396256e+00
BACA,32,8,783,1.377662e+00
BACA,32,8,784,1.370167e+00
BACA,32,8,785,1.372113e+00
BACA,32,8,786,1.362588e+00
BACA,32,8,787,1.363359e+00
BACA,32,8,788,1.356453e+00
BACA,32,8,789,1.343184e+00
BACA,32,8,790,1.339421e+00
BACA,32,8,791,1.337012e+00
BACA,32,8,792,1.319748e+00
BACA,32,8,793,1.325709e+00
BACA,32,8,794,1.319333e+00
BACA,32,8,795,1.304097e+00
BACA,32,8,796,1.292311e+00
BACA,32,8,797,1.297078e+00
BACA,32,8,798,1.277440e+00
BACA,32,8,799,1.251601e+00
BACA,32,8,800,1.256145e+00
BACA,32,8,801,1.202931e+00
BACA,32,8,802,1.189917e+00
BACA,32,8,803,1.184524e+00
BACA,32,8,804,1.181739e+00
BACA,32,8,805,1.158672e+00
BACA,32,8,806,1.156367e+00
BACA,32,8,807,1.162836e+00
BACA,32,8,808,1.150222e+00
BACA,32,8,809,1.137879e+00
BACA,32,8,810,1.142849e+00
BACA,32,8,811,1.134818e+00
BACA,32,8,812,1.132734e+00
BACA,32,8,813,1.122974e+00
BACA,32,8,814,1.119563e+00
BACA,32,8,815,1.102691e+00
BACA,32,8,816,1.077294e+00
BACA,32,8,817,1.065797e+00
BACA,32,8,818,1.032153e+00
BACA,32,8,819,1.038269e+00
BACA,32,8,820,1.015220e+00
BACA,32,8,821,1.000080e+00
BACA,32,8,822,1.008595e+00
BACA,32,8,823,9.934591e-01
BACA,32,8,824,9.807974e-01
BACA,32,8,825,9.730289e-01
BACA,32,8,826,9.630738e-01
BACA,32,8,827,9.510969e-01
BACA,32,8,828,9.519304e-01
BACA,32,8,829,9.401914e-01
BACA,32,8,830,9.233562e-01
BACA,32,8,831,9.095274e-01
BACA,32,8,832,9.150390e-01
BACA,32,8,833,8.977763e-01
BACA,32,8,834,8.916755e-01
BACA,32,8,835,8.630510e-01
BACA,32,8,836,8.533793e-01
BACA,32,8,837,8.351802e-01
BACA,32,8,838,8.156432e-01
BACA,32,8,839,8.405263e-01
BACA,32,8,840,8.529234e-01
BACA,32,8,841,8.431948e-01
BACA,32,8,842,8.391172e-01
BACA,32,8,843,8.277269e-01
BACA,32,8,844,8.208844e-01
BACA,32,8,845,8.221381e-01
BACA,32,8,846,8.150714e-01
BACA,32,8,847,8.105622e-01
BACA,32,8,848,8.004329e-01
BACA,32,8,849,7.853768e-01
BACA,32,8,850,7.783111e-01
BACA,32,8,851,7.797920e-01
BACA,32,8,852,7.843547e-01
BACA,32,8,853,7.832080e-01
BACA,32,8,854,7.783664e-01
BACA,32,8,855,7.681394e-01
BACA,32,8,856,7.376618e-01
BACA,32,8,857,7.105993e-01
BACA,32,8,858,6.930207e-01
BACA,32,8,859,6.764771e-01
BACA,32,8,860,6.706301e-01
BACA,32,8,861,6.590747e-01
BACA,32,8,862,6.643518e-01
BACA,32,8,863,6.516965e-01
BACA,32,8,864,6.591955e-01
BACA,32,8,865,6.514976e-01
BACA,32,8,866,6.478450e-01
BACA,32,8,867,6.372049e-01
BACA,32,8,868,6.295655e-01
BACA,32,8,869,6.225808e-01
BACA,32,8,870,6.119986e-01
BACA,32,8,871,5.994262e-01
BACA,32,8,872,5.925747e-01
BACA,32,8,873,5.844962e-01
BACA,32,8,874,5.752546e-01
BACA,32,8,875,5.766739e-01
BACA,32,8,876,5.573382e-01
BACA,32,8,877,5.541505e-01
BACA,32,8,878,5.638813e-01
BACA,32,8,879,5.569796e-01
BACA,32,8,880,5.505036e-01
BACA,32,8,881,5.360961e-01
BACA,32,8,882,5.271732e-01
BACA,32,8,883,5.191723e-01
BACA,32,8,884,5.153554e-01
BACA,32,8,885,5.059229e-01
BACA,32,8,886,5.065963e-01
BACA,32,8,887,5.020478e-01
BACA,32,8,888,4.911457e-01
BACA,32,8,889,4.871613e-01
BACA,32,8,890,4.817037e-01
BACA,32,8,891,4.690072e-01
BACA,32,8,892,4.645769e-01
BACA,32,8,893,4.462692e-01
BACA,32,8,894,4.279295e-01
BACA,32,8,895,4.246208e-01
BACA,32,8,896,4.217890e-01
BACA,32,8,897,4.140364e-01
BACA,32,8,898,4.116755e-01
BACA,32,8,899,4.011135e-01
BACA,32,8,900,3.937601e-01
BACA,32,8,901,3.875975e-01
BACA,32,8,902,3.811857e-01
BACA,32,8,903,3.726034e-01
BACA,32,8,904,3.675738e-01
BACA,32,8,905,3.676215e-01
BACA,32,8,906,3.634480e-01
BACA,32,8,907,3.655956e-01
BACA,32,8,908,3.592889e-01
BACA,32,8,909,3.566771e-01
BACA,32,8,910,3.512065e-01
BACA,32,8,911,3.396559e-01
BACA,32,8,912,3.233762e-01
BACA,32,8,913,3.183499e-01
BACA,32,8,914,3.118449e-01
BACA,32,8,915,3.104414e-01
BACA,32,8,916,3.066219e-01
BACA,32,8,917,3.003553e-01
BACA,32,8,918,2.964345e-01
BACA,32,8,919,2.928650e-01
BACA,32,8,920,2.913856e-01
BACA,32,8,921,2.900551e-01
BACA,32,8,922,2.867962e-01
BACA,32,8,923,2.816173e-01
BACA,32,8,924,2.790678e-01
BACA,32,8,925,2.739758e-01
BACA,32,8,926,2.709438e-01
BACA,32,8,927,2.582206e-01
BACA,32,8,928,2.489183e-01
BACA,32,8,929,2.491803e-01
BACA,32,8,930,2.494517e-01
BACA,32,8,931,2.503701e-01
BACA,32,8,932,2.472942e-01
BACA,32,8,933,2.432689e-01
BACA,32,8,934,2.424574e-01
BACA,32,8,935,2.420034e-01
BACA,32,8,936,2.405666e-01
BACA,32,8,937,2.381134e-01
BACA,32,8,938,2.324842e-01
BACA,32,8,939,2.290092e-01
BACA,32,8,940,2.331617e-01
BACA,32,8,941,2.320373e-01
BACA,32,8,942,2.314549e-01
BACA,32,8,943,2.270229e-01
BACA,32,8,944,2.236048e-01
BACA,32,8,945,2.163913e-01
BACA,32,8,946,2.153041e-01
BACA,32,8,947,2.115548e-01
BACA,32,8,948,2.039986e-01
BACA,32,8,949,2.022962e-01
BACA,32,8,950,2.014635e-01
BACA,32,8,951,1.991924e-01
BACA,32,8,952,1.981403e-01
BACA,32,8,953,1.969511e-01
BACA,32,8,954,1.953562e-01
BACA,32,8,955,1.940702e-01
BACA,32,8,956,1.926892e-01
BACA,32,8,957,1.922421e-01
BACA,32,8,958,1.904174e-01
BACA,32,8,959,1.879874e-01
BACA,32,8,960,1.858287e-01
BACA,32,8,961,1.838289e-01
BACA,32,8,962,1.824995e-01
BACA,32,8,963,1.795194e-01
BACA,32,8,964,1.760355e-01
BACA,32,8,965,1.740060e-01
BACA,32,8,966,1.730791e-01
BACA,32,8,967,1.715471e-01
BACA,32,8,968,6.107026e-02
BACA,32,8,969,5.934428e-02
BACA,32,8,970,5.751213e-02
BACA,32,8,971,5.620339e-02
BACA,32,8,972,5.509091e-02
BACA,32,8,973,5.345232e-02
BACA,32,8,974,5.203317e-02
BACA,32,8,975,5.030724e-02
BACA,32,8,976,4.732398e-02
BACA,32,8,977,4.534027e-02
BACA,32,8,978,4.315201e-02
BACA,32,8,979,4.062989e-02
BACA,32,8,980,3.706337e-02
BACA,32,8,981,2.831337e-02
